#
# There is insufficient memory for the Java Runtime Environment to continue.
# Native memory allocation (malloc) failed to allocate 1088176 bytes. Error detail: Chunk::new
# Possible reasons:
#   The system is out of physical RAM or swap space
#   This process is running with CompressedOops enabled, and the Java Heap may be blocking the growth of the native heap
# Possible solutions:
#   Reduce memory load on the system
#   Increase physical memory or swap space
#   Check if swap backing store is full
#   Decrease Java heap size (-Xmx/-Xms)
#   Decrease number of Java threads
#   Decrease Java thread stack sizes (-Xss)
#   Set larger code cache with -XX:ReservedCodeCacheSize=
#   JVM is running with Unscaled Compressed Oops mode in which the Java heap is
#     placed in the first 4GB address space. The Java Heap base address is the
#     maximum limit for the native heap growth. Please use -XX:HeapBaseMinAddress
#     to set the Java Heap base and to place the Java Heap above 4GB virtual address.
# This output file may be truncated or incomplete.
#
#  Out of Memory Error (arena.cpp:168), pid=47400, tid=2144
#
# JRE version: OpenJDK Runtime Environment Temurin-21.0.9+10 (21.0.9+10) (build 21.0.9+10-LTS)
# Java VM: OpenJDK 64-Bit Server VM Temurin-21.0.9+10 (21.0.9+10-LTS, mixed mode, sharing, tiered, compressed oops, compressed class ptrs, g1 gc, windows-amd64)
# No core dump will be written. Minidumps are not enabled by default on client versions of Windows
#

---------------  S U M M A R Y ------------

Command Line: --add-opens=java.base/java.lang=ALL-UNNAMED --add-opens=java.base/java.lang.invoke=ALL-UNNAMED --add-opens=java.base/java.util=ALL-UNNAMED --add-opens=java.prefs/java.util.prefs=ALL-UNNAMED --add-exports=jdk.compiler/com.sun.tools.javac.api=ALL-UNNAMED --add-exports=jdk.compiler/com.sun.tools.javac.util=ALL-UNNAMED --add-opens=java.base/java.util=ALL-UNNAMED --add-opens=java.prefs/java.util.prefs=ALL-UNNAMED --add-opens=java.base/java.nio.charset=ALL-UNNAMED --add-opens=java.base/java.net=ALL-UNNAMED --add-opens=java.base/java.util.concurrent.atomic=ALL-UNNAMED --add-opens=java.xml/javax.xml.namespace=ALL-UNNAMED -XX:MaxMetaspaceSize=384m -Xmx768m -Dfile.encoding=UTF-8 -Duser.country=GB -Duser.language=en -Duser.variant -javaagent:C:\Users\nithy\.gradle\wrapper\dists\gradle-8.14.3-bin\cv11ve7ro1n3o1j4so8xd9n66\gradle-8.14.3\lib\agents\gradle-instrumentation-agent-8.14.3.jar org.gradle.launcher.daemon.bootstrap.GradleDaemon 8.14.3

Host: Intel(R) Core(TM) Ultra 9 185H, 22 cores, 31G,  Windows 11 , 64 bit Build 26100 (10.0.26100.9444)
Time: Wed Sep 30 23:21:57 2026 India Standard Time elapsed time: 451.482443 seconds (0d 0h 7m 31s)

---------------  T H R E A D  ---------------

Current thread (0x000001b0a8715840):  JavaThread "C2 CompilerThread0" daemon [_thread_in_native, id=2144, stack(0x0000000ef5b00000,0x0000000ef5c00000) (1024K)]


Current CompileTask:
C2:451482 25766       4       org.gradle.internal.logging.text.AbstractLineChoppingStyledTextOutput::doAppend (43 bytes)

Stack: [0x0000000ef5b00000,0x0000000ef5c00000]
Native frames: (J=compiled Java code, j=interpreted, Vv=VM code, C=native code)
V  [jvm.dll+0x6d6e29]
V  [jvm.dll+0x8b4b76]
V  [jvm.dll+0x8b712e]
V  [jvm.dll+0x8b7813]
V  [jvm.dll+0x283d86]
V  [jvm.dll+0xc66ed]
V  [jvm.dll+0xc6c31]
V  [jvm.dll+0x3be501]
V  [jvm.dll+0x38ab92]
V  [jvm.dll+0x389fda]
V  [jvm.dll+0x24bfa0]
V  [jvm.dll+0x24b580]
V  [jvm.dll+0x1cb13e]
V  [jvm.dll+0x25b29d]
V  [jvm.dll+0x25982a]
V  [jvm.dll+0x3f7ea6]
V  [jvm.dll+0x85e9ad]
V  [jvm.dll+0x6d565d]
C  [ucrtbase.dll+0x2cd30]
C  [KERNEL32.DLL+0x2cd87]
C  [ntdll.dll+0xacaec]


---------------  P R O C E S S  ---------------

Threads class SMR info:
_java_thread_list=0x000001b0c750e500, length=79, elements={
0x000001b08c0e3250, 0x000001b0a85d5910, 0x000001b0a85d5f70, 0x000001b0a85dafc0,
0x000001b0a85dd300, 0x000001b0a85de970, 0x000001b0a8704ea0, 0x000001b0a8715840,
0x000001b0a871e610, 0x000001b0a899a950, 0x000001b0a899bd00, 0x000001b0a8998880,
0x000001b0a8998f10, 0x000001b0a89995a0, 0x000001b0a899afe0, 0x000001b0a899b670,
0x000001b0a8999c30, 0x000001b0a899a2c0, 0x000001b0c39c1a30, 0x000001b0c39c20c0,
0x000001b0c39c4820, 0x000001b0c39c3470, 0x000001b0c39c4eb0, 0x000001b0c39c3b00,
0x000001b0c39c4190, 0x000001b0c39c5bd0, 0x000001b0c39c6260, 0x000001b0c39c2de0,
0x000001b0c39c68f0, 0x000001b0c39c6f80, 0x000001b0c4ed5e20, 0x000001b0c4ed6b40,
0x000001b0c4ed43e0, 0x000001b0c4ed7860, 0x000001b0c4ed5790, 0x000001b0c4ed5100,
0x000001b0c4edb370, 0x000001b0c4ed8c10, 0x000001b0c39c7ca0, 0x000001b0c39c8330,
0x000001b0c4ed92a0, 0x000001b0c73c11e0, 0x000001b0c73c2590, 0x000001b0c73c2c20,
0x000001b0c73c32b0, 0x000001b0c73bfe30, 0x000001b0c4b48660, 0x000001b0c4f56fc0,
0x000001b0c89bd390, 0x000001b0c82452a0, 0x000001b0c8245fc0, 0x000001b0c89b9880,
0x000001b0c89ba5a0, 0x000001b0c89b84d0, 0x000001b0c89bbfe0, 0x000001b0c83aa480,
0x000001b0c83ac550, 0x000001b0c83ad270, 0x000001b0c83abec0, 0x000001b0c743cbb0,
0x000001b0c743d240, 0x000001b0c743b170, 0x000001b0c743be90, 0x000001b0c743b800,
0x000001b0c743c520, 0x000001b0c743a450, 0x000001b0c743df60, 0x000001b0c89be740,
0x000001b0c74e7820, 0x000001b0c74e9260, 0x000001b0c74e7eb0, 0x000001b0d4e1b320,
0x000001b0d04ee890, 0x000001b0d04eef60, 0x000001b0d4e4c850, 0x000001b0d4e4c180,
0x000001b0cfe60520, 0x000001b0cfe60bf0, 0x000001b0cfe5f780
}

Java Threads: ( => current thread )
  0x000001b08c0e3250 JavaThread "main"                              [_thread_blocked, id=16764, stack(0x0000000ef4c00000,0x0000000ef4d00000) (1024K)]
  0x000001b0a85d5910 JavaThread "Reference Handler"          daemon [_thread_blocked, id=7480, stack(0x0000000ef5500000,0x0000000ef5600000) (1024K)]
  0x000001b0a85d5f70 JavaThread "Finalizer"                  daemon [_thread_blocked, id=22752, stack(0x0000000ef5600000,0x0000000ef5700000) (1024K)]
  0x000001b0a85dafc0 JavaThread "Signal Dispatcher"          daemon [_thread_blocked, id=23740, stack(0x0000000ef5700000,0x0000000ef5800000) (1024K)]
  0x000001b0a85dd300 JavaThread "Attach Listener"            daemon [_thread_blocked, id=41516, stack(0x0000000ef5800000,0x0000000ef5900000) (1024K)]
  0x000001b0a85de970 JavaThread "Service Thread"             daemon [_thread_blocked, id=25928, stack(0x0000000ef5900000,0x0000000ef5a00000) (1024K)]
  0x000001b0a8704ea0 JavaThread "Monitor Deflation Thread"   daemon [_thread_blocked, id=40980, stack(0x0000000ef5a00000,0x0000000ef5b00000) (1024K)]
=>0x000001b0a8715840 JavaThread "C2 CompilerThread0"         daemon [_thread_in_native, id=2144, stack(0x0000000ef5b00000,0x0000000ef5c00000) (1024K)]
  0x000001b0a871e610 JavaThread "C1 CompilerThread0"         daemon [_thread_blocked, id=26868, stack(0x0000000ef5c00000,0x0000000ef5d00000) (1024K)]
  0x000001b0a899a950 JavaThread "Common-Cleaner"             daemon [_thread_blocked, id=37320, stack(0x0000000ef5e00000,0x0000000ef5f00000) (1024K)]
  0x000001b0a899bd00 JavaThread "Notification Thread"        daemon [_thread_blocked, id=11224, stack(0x0000000ef5f00000,0x0000000ef6000000) (1024K)]
  0x000001b0a8998880 JavaThread "Daemon health stats"               [_thread_blocked, id=28980, stack(0x0000000ef6100000,0x0000000ef6200000) (1024K)]
  0x000001b0a8998f10 JavaThread "Incoming local TCP Connector on port 58528"        [_thread_in_native, id=44492, stack(0x0000000ef6200000,0x0000000ef6300000) (1024K)]
  0x000001b0a89995a0 JavaThread "Daemon periodic checks"            [_thread_blocked, id=33252, stack(0x0000000ef7100000,0x0000000ef7200000) (1024K)]
  0x000001b0a899afe0 JavaThread "Daemon"                            [_thread_blocked, id=20648, stack(0x0000000ef6000000,0x0000000ef6100000) (1024K)]
  0x000001b0a899b670 JavaThread "Handler for socket connection from /127.0.0.1:58528 to /127.0.0.1:58529"        [_thread_in_native, id=39112, stack(0x0000000ef6300000,0x0000000ef6400000) (1024K)]
  0x000001b0a8999c30 JavaThread "Cancel handler"                    [_thread_blocked, id=43800, stack(0x0000000ef7200000,0x0000000ef7300000) (1024K)]
  0x000001b0a899a2c0 JavaThread "Daemon worker"                     [_thread_in_vm, id=51724, stack(0x0000000ef7300000,0x0000000ef7400000) (1024K)]
  0x000001b0c39c1a30 JavaThread "Asynchronous log dispatcher for DefaultDaemonConnection: socket connection from /127.0.0.1:58528 to /127.0.0.1:58529"        [_thread_blocked, id=48332, stack(0x0000000ef7400000,0x0000000ef7500000) (1024K)]
  0x000001b0c39c20c0 JavaThread "Stdin handler"                     [_thread_blocked, id=8756, stack(0x0000000ef7500000,0x0000000ef7600000) (1024K)]
  0x000001b0c39c4820 JavaThread "Daemon client event forwarder"        [_thread_blocked, id=17304, stack(0x0000000ef7600000,0x0000000ef7700000) (1024K)]
  0x000001b0c39c3470 JavaThread "Cache worker for journal cache (C:\Users\nithy\.gradle\caches\journal-1)"        [_thread_blocked, id=41900, stack(0x0000000ef7700000,0x0000000ef7800000) (1024K)]
  0x000001b0c39c4eb0 JavaThread "File lock request listener"        [_thread_in_native, id=44988, stack(0x0000000ef7800000,0x0000000ef7900000) (1024K)]
  0x000001b0c39c3b00 JavaThread "Cache worker for file hash cache (C:\Users\nithy\.gradle\caches\8.14.3\fileHashes)"        [_thread_blocked, id=47264, stack(0x0000000ef7900000,0x0000000ef7a00000) (1024K)]
  0x000001b0c39c4190 JavaThread "Cache worker for file hash cache (C:\dev\allegra\apps\mobile\android\.gradle\8.14.3\fileHashes)"        [_thread_blocked, id=21200, stack(0x0000000ef8200000,0x0000000ef8300000) (1024K)]
  0x000001b0c39c5bd0 JavaThread "File watcher server"        daemon [_thread_in_native, id=5912, stack(0x0000000ef8100000,0x0000000ef8200000) (1024K)]
  0x000001b0c39c6260 JavaThread "File watcher consumer"      daemon [_thread_blocked, id=24864, stack(0x0000000ef8400000,0x0000000ef8500000) (1024K)]
  0x000001b0c39c2de0 JavaThread "jar transforms"                    [_thread_blocked, id=37552, stack(0x0000000ef8700000,0x0000000ef8800000) (1024K)]
  0x000001b0c39c68f0 JavaThread "Cache worker for checksums cache (C:\dev\allegra\apps\mobile\android\.gradle\8.14.3\checksums)"        [_thread_blocked, id=15464, stack(0x0000000ef8800000,0x0000000ef8900000) (1024K)]
  0x000001b0c39c6f80 JavaThread "Cache worker for file content cache (C:\Users\nithy\.gradle\caches\8.14.3\fileContent)"        [_thread_blocked, id=51252, stack(0x0000000ef8600000,0x0000000ef8700000) (1024K)]
  0x000001b0c4ed5e20 JavaThread "Unconstrained build operations"        [_thread_blocked, id=40908, stack(0x0000000ef6f00000,0x0000000ef7000000) (1024K)]
  0x000001b0c4ed6b40 JavaThread "Unconstrained build operations Thread 2"        [_thread_blocked, id=51624, stack(0x0000000ef8d00000,0x0000000ef8e00000) (1024K)]
  0x000001b0c4ed43e0 JavaThread "Unconstrained build operations Thread 3"        [_thread_blocked, id=40288, stack(0x0000000ef8e00000,0x0000000ef8f00000) (1024K)]
  0x000001b0c4ed7860 JavaThread "Unconstrained build operations Thread 4"        [_thread_blocked, id=19432, stack(0x0000000ef8f00000,0x0000000ef9000000) (1024K)]
  0x000001b0c4ed5790 JavaThread "Unconstrained build operations Thread 5"        [_thread_blocked, id=46084, stack(0x0000000ef9000000,0x0000000ef9100000) (1024K)]
  0x000001b0c4ed5100 JavaThread "Unconstrained build operations Thread 6"        [_thread_blocked, id=49900, stack(0x0000000ef9100000,0x0000000ef9200000) (1024K)]
  0x000001b0c4edb370 JavaThread "Memory manager"                    [_thread_blocked, id=51700, stack(0x0000000ef4b00000,0x0000000ef4c00000) (1024K)]
  0x000001b0c4ed8c10 JavaThread "Unconstrained build operations Thread 7"        [_thread_blocked, id=33132, stack(0x0000000ef8500000,0x0000000ef8600000) (1024K)]
  0x000001b0c39c7ca0 JavaThread "Unconstrained build operations Thread 8"        [_thread_blocked, id=47920, stack(0x0000000ef9300000,0x0000000ef9400000) (1024K)]
  0x000001b0c39c8330 JavaThread "Unconstrained build operations Thread 9"        [_thread_blocked, id=43864, stack(0x0000000ef9400000,0x0000000ef9500000) (1024K)]
  0x000001b0c4ed92a0 JavaThread "Unconstrained build operations Thread 10"        [_thread_blocked, id=49604, stack(0x0000000ef9500000,0x0000000ef9600000) (1024K)]
  0x000001b0c73c11e0 JavaThread "ForkJoinPool.commonPool-worker-2" daemon [_thread_blocked, id=31568, stack(0x0000000ef9700000,0x0000000ef9800000) (1024K)]
  0x000001b0c73c2590 JavaThread "ForkJoinPool.commonPool-worker-4" daemon [_thread_blocked, id=30504, stack(0x0000000ef9900000,0x0000000ef9a00000) (1024K)]
  0x000001b0c73c2c20 JavaThread "ForkJoinPool.commonPool-worker-5" daemon [_thread_blocked, id=28684, stack(0x0000000ef9a00000,0x0000000ef9b00000) (1024K)]
  0x000001b0c73c32b0 JavaThread "ForkJoinPool.commonPool-worker-6" daemon [_thread_blocked, id=24004, stack(0x0000000ef9b00000,0x0000000ef9c00000) (1024K)]
  0x000001b0c73bfe30 JavaThread "ForkJoinPool.commonPool-worker-7" daemon [_thread_blocked, id=3992, stack(0x0000000ef9c00000,0x0000000ef9d00000) (1024K)]
  0x000001b0c4b48660 JavaThread "jar transforms Thread 2"           [_thread_blocked, id=12932, stack(0x0000000efa700000,0x0000000efa800000) (1024K)]
  0x000001b0c4f56fc0 JavaThread "jar transforms Thread 3"           [_thread_blocked, id=39976, stack(0x0000000efae00000,0x0000000efaf00000) (1024K)]
  0x000001b0c89bd390 JavaThread "jar transforms Thread 4"           [_thread_blocked, id=36388, stack(0x0000000ef4a00000,0x0000000ef4b00000) (1024K)]
  0x000001b0c82452a0 JavaThread "jar transforms Thread 5"           [_thread_blocked, id=24604, stack(0x0000000efac00000,0x0000000efad00000) (1024K)]
  0x000001b0c8245fc0 JavaThread "jar transforms Thread 6"           [_thread_blocked, id=50408, stack(0x0000000efb200000,0x0000000efb300000) (1024K)]
  0x000001b0c89b9880 JavaThread "jar transforms Thread 7"           [_thread_blocked, id=37016, stack(0x0000000ef9600000,0x0000000ef9700000) (1024K)]
  0x000001b0c89ba5a0 JavaThread "jar transforms Thread 8"           [_thread_blocked, id=51588, stack(0x0000000ef9f00000,0x0000000efa000000) (1024K)]
  0x000001b0c89b84d0 JavaThread "jar transforms Thread 9"           [_thread_blocked, id=50192, stack(0x0000000ef8900000,0x0000000ef8a00000) (1024K)]
  0x000001b0c89bbfe0 JavaThread "jar transforms Thread 10"          [_thread_blocked, id=46644, stack(0x0000000efa200000,0x0000000efa300000) (1024K)]
  0x000001b0c83aa480 JavaThread "jar transforms Thread 11"          [_thread_blocked, id=42320, stack(0x0000000ef8a00000,0x0000000ef8b00000) (1024K)]
  0x000001b0c83ac550 JavaThread "jar transforms Thread 12"          [_thread_blocked, id=44496, stack(0x0000000efa500000,0x0000000efa600000) (1024K)]
  0x000001b0c83ad270 JavaThread "jar transforms Thread 13"          [_thread_blocked, id=34092, stack(0x0000000efa600000,0x0000000efa700000) (1024K)]
  0x000001b0c83abec0 JavaThread "jar transforms Thread 14"          [_thread_blocked, id=51440, stack(0x0000000efaf00000,0x0000000efb000000) (1024K)]
  0x000001b0c743cbb0 JavaThread "jar transforms Thread 15"          [_thread_blocked, id=26000, stack(0x0000000efb700000,0x0000000efb800000) (1024K)]
  0x000001b0c743d240 JavaThread "jar transforms Thread 16"          [_thread_blocked, id=52168, stack(0x0000000efb800000,0x0000000efb900000) (1024K)]
  0x000001b0c743b170 JavaThread "jar transforms Thread 17"          [_thread_blocked, id=5612, stack(0x0000000efb900000,0x0000000efba00000) (1024K)]
  0x000001b0c743be90 JavaThread "jar transforms Thread 18"          [_thread_blocked, id=47332, stack(0x0000000efa000000,0x0000000efa100000) (1024K)]
  0x000001b0c743b800 JavaThread "jar transforms Thread 19"          [_thread_blocked, id=17300, stack(0x0000000efbb00000,0x0000000efbc00000) (1024K)]
  0x000001b0c743c520 JavaThread "jar transforms Thread 20"          [_thread_blocked, id=13544, stack(0x0000000efa100000,0x0000000efa200000) (1024K)]
  0x000001b0c743a450 JavaThread "jar transforms Thread 21"          [_thread_blocked, id=16140, stack(0x0000000efba00000,0x0000000efbb00000) (1024K)]
  0x000001b0c743df60 JavaThread "jar transforms Thread 22"          [_thread_blocked, id=16440, stack(0x0000000efbd00000,0x0000000efbe00000) (1024K)]
  0x000001b0c89be740 JavaThread "ForkJoinPool.commonPool-worker-10" daemon [_thread_blocked, id=7736, stack(0x0000000efbc00000,0x0000000efbd00000) (1024K)]
  0x000001b0c74e7820 JavaThread "Exec process Thread 10"            [_thread_blocked, id=44968, stack(0x0000000efb400000,0x0000000efb500000) (1024K)]
  0x000001b0c74e9260 JavaThread "Exec process Thread 11"            [_thread_blocked, id=32684, stack(0x0000000efb500000,0x0000000efb600000) (1024K)]
  0x000001b0c74e7eb0 JavaThread "Exec process Thread 12"            [_thread_blocked, id=39740, stack(0x0000000efbe00000,0x0000000efbf00000) (1024K)]
  0x000001b0d4e1b320 JavaThread "included builds Thread 5"          [_thread_blocked, id=39408, stack(0x0000000efc200000,0x0000000efc300000) (1024K)]
  0x000001b0d04ee890 JavaThread "C1 CompilerThread1"         daemon [_thread_blocked, id=28088, stack(0x0000000ef9800000,0x0000000ef9900000) (1024K)]
  0x000001b0d04eef60 JavaThread "C1 CompilerThread2"         daemon [_thread_blocked, id=43540, stack(0x0000000ef9d00000,0x0000000ef9e00000) (1024K)]
  0x000001b0d4e4c850 JavaThread "C1 CompilerThread3"         daemon [_thread_blocked, id=52112, stack(0x0000000ef9e00000,0x0000000ef9f00000) (1024K)]
  0x000001b0d4e4c180 JavaThread "C2 CompilerThread1"         daemon [_thread_in_native, id=33448, stack(0x0000000ef4d00000,0x0000000ef4e00000) (1024K)]
  0x000001b0cfe60520 JavaThread "C2 CompilerThread2"         daemon [_thread_in_native, id=26848, stack(0x0000000ef9200000,0x0000000ef9300000) (1024K)]
  0x000001b0cfe60bf0 JavaThread "C2 CompilerThread3"         daemon [_thread_blocked, id=10604, stack(0x0000000efaa00000,0x0000000efab00000) (1024K)]
  0x000001b0cfe5f780 JavaThread "C2 CompilerThread4"         daemon [_thread_blocked, id=38096, stack(0x0000000efab00000,0x0000000efac00000) (1024K)]
Total: 79

Other Threads:
  0x000001b0a85b63f0 VMThread "VM Thread"                           [id=9424, stack(0x0000000ef5400000,0x0000000ef5500000) (1024K)]
  0x000001b0a86faa00 WatcherThread "VM Periodic Task Thread"        [id=24296, stack(0x0000000ef5300000,0x0000000ef5400000) (1024K)]
  0x000001b08c117ee0 WorkerThread "GC Thread#0"                     [id=4312, stack(0x0000000ef4e00000,0x0000000ef4f00000) (1024K)]
  0x000001b0c254a820 WorkerThread "GC Thread#1"                     [id=49112, stack(0x0000000ef6400000,0x0000000ef6500000) (1024K)]
  0x000001b0c254abc0 WorkerThread "GC Thread#2"                     [id=41928, stack(0x0000000ef6500000,0x0000000ef6600000) (1024K)]
  0x000001b0c23fda90 WorkerThread "GC Thread#3"                     [id=51772, stack(0x0000000ef6600000,0x0000000ef6700000) (1024K)]
  0x000001b0c23fde30 WorkerThread "GC Thread#4"                     [id=44792, stack(0x0000000ef6700000,0x0000000ef6800000) (1024K)]
  0x000001b0c23d6760 WorkerThread "GC Thread#5"                     [id=52012, stack(0x0000000ef6800000,0x0000000ef6900000) (1024K)]
  0x000001b0c23d6b00 WorkerThread "GC Thread#6"                     [id=18220, stack(0x0000000ef6900000,0x0000000ef6a00000) (1024K)]
  0x000001b0c23d6ea0 WorkerThread "GC Thread#7"                     [id=11168, stack(0x0000000ef6a00000,0x0000000ef6b00000) (1024K)]
  0x000001b0c229d980 WorkerThread "GC Thread#8"                     [id=35620, stack(0x0000000ef6b00000,0x0000000ef6c00000) (1024K)]
  0x000001b0c23cae30 WorkerThread "GC Thread#9"                     [id=17384, stack(0x0000000ef6c00000,0x0000000ef6d00000) (1024K)]
  0x000001b0c24f1340 WorkerThread "GC Thread#10"                    [id=28324, stack(0x0000000ef6d00000,0x0000000ef6e00000) (1024K)]
  0x000001b0c24f2560 WorkerThread "GC Thread#11"                    [id=51784, stack(0x0000000ef6e00000,0x0000000ef6f00000) (1024K)]
  0x000001b0c5739310 WorkerThread "GC Thread#12"                    [id=45924, stack(0x0000000ef7a00000,0x0000000ef7b00000) (1024K)]
  0x000001b0c57396b0 WorkerThread "GC Thread#13"                    [id=27512, stack(0x0000000ef7b00000,0x0000000ef7c00000) (1024K)]
  0x000001b0c573c970 WorkerThread "GC Thread#14"                    [id=2220, stack(0x0000000ef7c00000,0x0000000ef7d00000) (1024K)]
  0x000001b0c573a530 WorkerThread "GC Thread#15"                    [id=41448, stack(0x0000000ef7d00000,0x0000000ef7e00000) (1024K)]
  0x000001b08c11f0e0 ConcurrentGCThread "G1 Main Marker"            [id=38000, stack(0x0000000ef4f00000,0x0000000ef5000000) (1024K)]
  0x000001b08c121510 WorkerThread "G1 Conc#0"                       [id=42092, stack(0x0000000ef5000000,0x0000000ef5100000) (1024K)]
  0x000001b0c573a190 WorkerThread "G1 Conc#1"                       [id=50708, stack(0x0000000ef7e00000,0x0000000ef7f00000) (1024K)]
  0x000001b0c5738f70 WorkerThread "G1 Conc#2"                       [id=10400, stack(0x0000000ef7f00000,0x0000000ef8000000) (1024K)]
  0x000001b0c573b010 WorkerThread "G1 Conc#3"                       [id=40580, stack(0x0000000ef8000000,0x0000000ef8100000) (1024K)]
  0x000001b0a859a050 ConcurrentGCThread "G1 Refine#0"               [id=51976, stack(0x0000000ef5100000,0x0000000ef5200000) (1024K)]
  0x000001b0a859a480 ConcurrentGCThread "G1 Service"                [id=47760, stack(0x0000000ef5200000,0x0000000ef5300000) (1024K)]
Total: 25

Threads with active compile tasks:
C2 CompilerThread0  451567 25766       4       org.gradle.internal.logging.text.AbstractLineChoppingStyledTextOutput::doAppend (43 bytes)
C2 CompilerThread1  451567 25876       4       java.lang.Class::methodToString (78 bytes)
C2 CompilerThread2  451567 25851  s!   4       org.gradle.internal.service.DefaultServiceRegistry$ManagedObjectServiceProvider::stop (59 bytes)
Total: 3

VM state: not at safepoint (normal execution)

VM Mutex/Monitor currently owned by a thread:  ([mutex/lock_event])
[0x00007ff80bc6d470] CodeCache_lock - owner thread: 0x000001b0a899a2c0

Heap address: 0x00000000d0000000, size: 768 MB, Compressed Oops mode: 32-bit

CDS archive(s) mapped at: [0x000001b0a9000000-0x000001b0a9c80000-0x000001b0a9c80000), size 13107200, SharedBaseAddress: 0x000001b0a9000000, ArchiveRelocationMode: 1.
Compressed class space mapped at: 0x000001b0aa000000-0x000001b0be000000, reserved size: 335544320
Narrow klass base: 0x000001b0a9000000, Narrow klass shift: 0, Narrow klass range: 0x100000000

GC Precious Log:
 CardTable entry size: 512
 Card Set container configuration: InlinePtr #cards 5 size 8 Array Of Cards #cards 12 size 40 Howl #buckets 4 coarsen threshold 1843 Howl Bitmap #cards 512 size 80 coarsen threshold 460 Card regions per heap region 1 cards per card region 2048
 CPUs: 22 total, 22 available
 Memory: 32373M
 Large Page Support: Disabled
 NUMA Support: Disabled
 Compressed Oops: Enabled (32-bit)
 Heap Region Size: 1M
 Heap Min Capacity: 8M
 Heap Initial Capacity: 506M
 Heap Max Capacity: 768M
 Pre-touch: Disabled
 Parallel Workers: 16
 Concurrent Workers: 4
 Concurrent Refinement Workers: 16
 Periodic GC: Disabled

Heap:
 garbage-first heap   total 628736K, used 511779K [0x00000000d0000000, 0x0000000100000000)
  region size 1024K, 121 young (123904K), 12 survivors (12288K)
 Metaspace       used 143378K, committed 146880K, reserved 458752K
  class space    used 19927K, committed 21632K, reserved 327680K

Heap Regions: E=young(eden), S=young(survivor), O=old, HS=humongous(starts), HC=humongous(continues), CS=collection set, F=free, TAMS=top-at-mark-start, PB=parsable bottom
|   0|0x00000000d0000000, 0x00000000d0100000, 0x00000000d0100000|100%|HS|  |TAMS 0x00000000d0000000| PB 0x00000000d0000000| Complete 
|   1|0x00000000d0100000, 0x00000000d0200000, 0x00000000d0200000|100%|HC|  |TAMS 0x00000000d0100000| PB 0x00000000d0100000| Complete 
|   2|0x00000000d0200000, 0x00000000d0300000, 0x00000000d0300000|100%|HC|  |TAMS 0x00000000d0200000| PB 0x00000000d0200000| Complete 
|   3|0x00000000d0300000, 0x00000000d0400000, 0x00000000d0400000|100%| O|  |TAMS 0x00000000d0300000| PB 0x00000000d0300000| Untracked 
|   4|0x00000000d0400000, 0x00000000d0500000, 0x00000000d0500000|100%| O|  |TAMS 0x00000000d0400000| PB 0x00000000d0400000| Untracked 
|   5|0x00000000d0500000, 0x00000000d0600000, 0x00000000d0600000|100%| O|  |TAMS 0x00000000d0500000| PB 0x00000000d0500000| Untracked 
|   6|0x00000000d0600000, 0x00000000d0700000, 0x00000000d0700000|100%|HS|  |TAMS 0x00000000d0600000| PB 0x00000000d0600000| Complete 
|   7|0x00000000d0700000, 0x00000000d0800000, 0x00000000d0800000|100%| O|  |TAMS 0x00000000d0700000| PB 0x00000000d0700000| Untracked 
|   8|0x00000000d0800000, 0x00000000d0900000, 0x00000000d0900000|100%| O|  |TAMS 0x00000000d0800000| PB 0x00000000d0800000| Untracked 
|   9|0x00000000d0900000, 0x00000000d0a00000, 0x00000000d0a00000|100%| O|  |TAMS 0x00000000d0900000| PB 0x00000000d0900000| Untracked 
|  10|0x00000000d0a00000, 0x00000000d0b00000, 0x00000000d0b00000|100%| O|  |TAMS 0x00000000d0a00000| PB 0x00000000d0a00000| Untracked 
|  11|0x00000000d0b00000, 0x00000000d0c00000, 0x00000000d0c00000|100%| O|  |TAMS 0x00000000d0b00000| PB 0x00000000d0b00000| Untracked 
|  12|0x00000000d0c00000, 0x00000000d0d00000, 0x00000000d0d00000|100%| O|  |TAMS 0x00000000d0c00000| PB 0x00000000d0c00000| Untracked 
|  13|0x00000000d0d00000, 0x00000000d0e00000, 0x00000000d0e00000|100%| O|  |TAMS 0x00000000d0d00000| PB 0x00000000d0d00000| Untracked 
|  14|0x00000000d0e00000, 0x00000000d0f00000, 0x00000000d0f00000|100%| O|  |TAMS 0x00000000d0e00000| PB 0x00000000d0e00000| Untracked 
|  15|0x00000000d0f00000, 0x00000000d1000000, 0x00000000d1000000|100%| O|  |TAMS 0x00000000d0f00000| PB 0x00000000d0f00000| Untracked 
|  16|0x00000000d1000000, 0x00000000d1100000, 0x00000000d1100000|100%| O|  |TAMS 0x00000000d1000000| PB 0x00000000d1000000| Untracked 
|  17|0x00000000d1100000, 0x00000000d1200000, 0x00000000d1200000|100%| O|  |TAMS 0x00000000d1100000| PB 0x00000000d1100000| Untracked 
|  18|0x00000000d1200000, 0x00000000d1300000, 0x00000000d1300000|100%| O|  |TAMS 0x00000000d1200000| PB 0x00000000d1200000| Untracked 
|  19|0x00000000d1300000, 0x00000000d1400000, 0x00000000d1400000|100%| O|  |TAMS 0x00000000d1300000| PB 0x00000000d1300000| Untracked 
|  20|0x00000000d1400000, 0x00000000d1500000, 0x00000000d1500000|100%| O|  |TAMS 0x00000000d1400000| PB 0x00000000d1400000| Untracked 
|  21|0x00000000d1500000, 0x00000000d1600000, 0x00000000d1600000|100%| O|  |TAMS 0x00000000d1500000| PB 0x00000000d1500000| Untracked 
|  22|0x00000000d1600000, 0x00000000d1700000, 0x00000000d1700000|100%| O|  |TAMS 0x00000000d1600000| PB 0x00000000d1600000| Untracked 
|  23|0x00000000d1700000, 0x00000000d1800000, 0x00000000d1800000|100%| O|  |TAMS 0x00000000d1700000| PB 0x00000000d1700000| Untracked 
|  24|0x00000000d1800000, 0x00000000d1900000, 0x00000000d1900000|100%| O|  |TAMS 0x00000000d1800000| PB 0x00000000d1800000| Untracked 
|  25|0x00000000d1900000, 0x00000000d1a00000, 0x00000000d1a00000|100%| O|  |TAMS 0x00000000d1900000| PB 0x00000000d1900000| Untracked 
|  26|0x00000000d1a00000, 0x00000000d1b00000, 0x00000000d1b00000|100%| O|  |TAMS 0x00000000d1a00000| PB 0x00000000d1a00000| Untracked 
|  27|0x00000000d1b00000, 0x00000000d1c00000, 0x00000000d1c00000|100%| O|  |TAMS 0x00000000d1b00000| PB 0x00000000d1b00000| Untracked 
|  28|0x00000000d1c00000, 0x00000000d1d00000, 0x00000000d1d00000|100%| O|  |TAMS 0x00000000d1c00000| PB 0x00000000d1c00000| Untracked 
|  29|0x00000000d1d00000, 0x00000000d1e00000, 0x00000000d1e00000|100%| O|  |TAMS 0x00000000d1d00000| PB 0x00000000d1d00000| Untracked 
|  30|0x00000000d1e00000, 0x00000000d1f00000, 0x00000000d1f00000|100%| O|  |TAMS 0x00000000d1e00000| PB 0x00000000d1e00000| Untracked 
|  31|0x00000000d1f00000, 0x00000000d2000000, 0x00000000d2000000|100%| O|  |TAMS 0x00000000d1f00000| PB 0x00000000d1f00000| Untracked 
|  32|0x00000000d2000000, 0x00000000d2100000, 0x00000000d2100000|100%| O|  |TAMS 0x00000000d2000000| PB 0x00000000d2000000| Untracked 
|  33|0x00000000d2100000, 0x00000000d2200000, 0x00000000d2200000|100%| O|  |TAMS 0x00000000d2100000| PB 0x00000000d2100000| Untracked 
|  34|0x00000000d2200000, 0x00000000d2300000, 0x00000000d2300000|100%| O|  |TAMS 0x00000000d2200000| PB 0x00000000d2200000| Untracked 
|  35|0x00000000d2300000, 0x00000000d2400000, 0x00000000d2400000|100%| O|  |TAMS 0x00000000d2300000| PB 0x00000000d2300000| Untracked 
|  36|0x00000000d2400000, 0x00000000d2500000, 0x00000000d2500000|100%| O|  |TAMS 0x00000000d2400000| PB 0x00000000d2400000| Untracked 
|  37|0x00000000d2500000, 0x00000000d2600000, 0x00000000d2600000|100%| O|  |TAMS 0x00000000d2500000| PB 0x00000000d2500000| Untracked 
|  38|0x00000000d2600000, 0x00000000d2700000, 0x00000000d2700000|100%| O|  |TAMS 0x00000000d2600000| PB 0x00000000d2600000| Untracked 
|  39|0x00000000d2700000, 0x00000000d2800000, 0x00000000d2800000|100%| O|  |TAMS 0x00000000d2700000| PB 0x00000000d2700000| Untracked 
|  40|0x00000000d2800000, 0x00000000d2900000, 0x00000000d2900000|100%| O|  |TAMS 0x00000000d2800000| PB 0x00000000d2800000| Untracked 
|  41|0x00000000d2900000, 0x00000000d2a00000, 0x00000000d2a00000|100%| O|  |TAMS 0x00000000d2900000| PB 0x00000000d2900000| Untracked 
|  42|0x00000000d2a00000, 0x00000000d2b00000, 0x00000000d2b00000|100%|HS|  |TAMS 0x00000000d2a00000| PB 0x00000000d2a00000| Complete 
|  43|0x00000000d2b00000, 0x00000000d2c00000, 0x00000000d2c00000|100%|HC|  |TAMS 0x00000000d2b00000| PB 0x00000000d2b00000| Complete 
|  44|0x00000000d2c00000, 0x00000000d2d00000, 0x00000000d2d00000|100%|HC|  |TAMS 0x00000000d2c00000| PB 0x00000000d2c00000| Complete 
|  45|0x00000000d2d00000, 0x00000000d2e00000, 0x00000000d2e00000|100%| O|  |TAMS 0x00000000d2d00000| PB 0x00000000d2d00000| Untracked 
|  46|0x00000000d2e00000, 0x00000000d2f00000, 0x00000000d2f00000|100%|HS|  |TAMS 0x00000000d2e00000| PB 0x00000000d2e00000| Complete 
|  47|0x00000000d2f00000, 0x00000000d3000000, 0x00000000d3000000|100%|HC|  |TAMS 0x00000000d2f00000| PB 0x00000000d2f00000| Complete 
|  48|0x00000000d3000000, 0x00000000d3100000, 0x00000000d3100000|100%|HC|  |TAMS 0x00000000d3000000| PB 0x00000000d3000000| Complete 
|  49|0x00000000d3100000, 0x00000000d3200000, 0x00000000d3200000|100%| O|  |TAMS 0x00000000d3100000| PB 0x00000000d3100000| Untracked 
|  50|0x00000000d3200000, 0x00000000d3300000, 0x00000000d3300000|100%| O|  |TAMS 0x00000000d3200000| PB 0x00000000d3200000| Untracked 
|  51|0x00000000d3300000, 0x00000000d3400000, 0x00000000d3400000|100%| O|  |TAMS 0x00000000d3300000| PB 0x00000000d3300000| Untracked 
|  52|0x00000000d3400000, 0x00000000d3500000, 0x00000000d3500000|100%| O|  |TAMS 0x00000000d3400000| PB 0x00000000d3400000| Untracked 
|  53|0x00000000d3500000, 0x00000000d3600000, 0x00000000d3600000|100%| O|  |TAMS 0x00000000d3500000| PB 0x00000000d3500000| Untracked 
|  54|0x00000000d3600000, 0x00000000d3700000, 0x00000000d3700000|100%| O|  |TAMS 0x00000000d3600000| PB 0x00000000d3600000| Untracked 
|  55|0x00000000d3700000, 0x00000000d3800000, 0x00000000d3800000|100%| O|  |TAMS 0x00000000d3700000| PB 0x00000000d3700000| Untracked 
|  56|0x00000000d3800000, 0x00000000d3900000, 0x00000000d3900000|100%| O|  |TAMS 0x00000000d3800000| PB 0x00000000d3800000| Untracked 
|  57|0x00000000d3900000, 0x00000000d3a00000, 0x00000000d3a00000|100%| O|  |TAMS 0x00000000d3900000| PB 0x00000000d3900000| Untracked 
|  58|0x00000000d3a00000, 0x00000000d3b00000, 0x00000000d3b00000|100%| O|  |TAMS 0x00000000d3a00000| PB 0x00000000d3a00000| Untracked 
|  59|0x00000000d3b00000, 0x00000000d3c00000, 0x00000000d3c00000|100%| O|  |TAMS 0x00000000d3b00000| PB 0x00000000d3b00000| Untracked 
|  60|0x00000000d3c00000, 0x00000000d3d00000, 0x00000000d3d00000|100%| O|  |TAMS 0x00000000d3c00000| PB 0x00000000d3c00000| Untracked 
|  61|0x00000000d3d00000, 0x00000000d3e00000, 0x00000000d3e00000|100%| O|  |TAMS 0x00000000d3d00000| PB 0x00000000d3d00000| Untracked 
|  62|0x00000000d3e00000, 0x00000000d3f00000, 0x00000000d3f00000|100%| O|  |TAMS 0x00000000d3e00000| PB 0x00000000d3e00000| Untracked 
|  63|0x00000000d3f00000, 0x00000000d4000000, 0x00000000d4000000|100%| O|  |TAMS 0x00000000d3f00000| PB 0x00000000d3f00000| Untracked 
|  64|0x00000000d4000000, 0x00000000d4100000, 0x00000000d4100000|100%| O|  |TAMS 0x00000000d4000000| PB 0x00000000d4000000| Untracked 
|  65|0x00000000d4100000, 0x00000000d4200000, 0x00000000d4200000|100%| O|  |TAMS 0x00000000d4100000| PB 0x00000000d4100000| Untracked 
|  66|0x00000000d4200000, 0x00000000d4300000, 0x00000000d4300000|100%| O|  |TAMS 0x00000000d4200000| PB 0x00000000d4200000| Untracked 
|  67|0x00000000d4300000, 0x00000000d4400000, 0x00000000d4400000|100%| O|  |TAMS 0x00000000d4300000| PB 0x00000000d4300000| Untracked 
|  68|0x00000000d4400000, 0x00000000d4500000, 0x00000000d4500000|100%| O|  |TAMS 0x00000000d4400000| PB 0x00000000d4400000| Untracked 
|  69|0x00000000d4500000, 0x00000000d4600000, 0x00000000d4600000|100%| O|  |TAMS 0x00000000d4500000| PB 0x00000000d4500000| Untracked 
|  70|0x00000000d4600000, 0x00000000d4700000, 0x00000000d4700000|100%| O|  |TAMS 0x00000000d4600000| PB 0x00000000d4600000| Untracked 
|  71|0x00000000d4700000, 0x00000000d4800000, 0x00000000d4800000|100%| O|  |TAMS 0x00000000d4700000| PB 0x00000000d4700000| Untracked 
|  72|0x00000000d4800000, 0x00000000d4900000, 0x00000000d4900000|100%| O|  |TAMS 0x00000000d4800000| PB 0x00000000d4800000| Untracked 
|  73|0x00000000d4900000, 0x00000000d4a00000, 0x00000000d4a00000|100%| O|  |TAMS 0x00000000d4900000| PB 0x00000000d4900000| Untracked 
|  74|0x00000000d4a00000, 0x00000000d4b00000, 0x00000000d4b00000|100%| O|  |TAMS 0x00000000d4a00000| PB 0x00000000d4a00000| Untracked 
|  75|0x00000000d4b00000, 0x00000000d4c00000, 0x00000000d4c00000|100%| O|  |TAMS 0x00000000d4b00000| PB 0x00000000d4b00000| Untracked 
|  76|0x00000000d4c00000, 0x00000000d4d00000, 0x00000000d4d00000|100%| O|  |TAMS 0x00000000d4c00000| PB 0x00000000d4c00000| Untracked 
|  77|0x00000000d4d00000, 0x00000000d4e00000, 0x00000000d4e00000|100%| O|  |TAMS 0x00000000d4d00000| PB 0x00000000d4d00000| Untracked 
|  78|0x00000000d4e00000, 0x00000000d4f00000, 0x00000000d4f00000|100%| O|  |TAMS 0x00000000d4e00000| PB 0x00000000d4e00000| Untracked 
|  79|0x00000000d4f00000, 0x00000000d5000000, 0x00000000d5000000|100%| O|  |TAMS 0x00000000d4f00000| PB 0x00000000d4f00000| Untracked 
|  80|0x00000000d5000000, 0x00000000d5100000, 0x00000000d5100000|100%| O|  |TAMS 0x00000000d5000000| PB 0x00000000d5000000| Untracked 
|  81|0x00000000d5100000, 0x00000000d5200000, 0x00000000d5200000|100%|HS|  |TAMS 0x00000000d5100000| PB 0x00000000d5100000| Complete 
|  82|0x00000000d5200000, 0x00000000d5300000, 0x00000000d5300000|100%|HS|  |TAMS 0x00000000d5200000| PB 0x00000000d5200000| Complete 
|  83|0x00000000d5300000, 0x00000000d5400000, 0x00000000d5400000|100%| O|  |TAMS 0x00000000d5300000| PB 0x00000000d5300000| Untracked 
|  84|0x00000000d5400000, 0x00000000d5500000, 0x00000000d5500000|100%| O|  |TAMS 0x00000000d5400000| PB 0x00000000d5400000| Untracked 
|  85|0x00000000d5500000, 0x00000000d5600000, 0x00000000d5600000|100%| O|  |TAMS 0x00000000d5500000| PB 0x00000000d5500000| Untracked 
|  86|0x00000000d5600000, 0x00000000d5700000, 0x00000000d5700000|100%| O|  |TAMS 0x00000000d5600000| PB 0x00000000d5600000| Untracked 
|  87|0x00000000d5700000, 0x00000000d5800000, 0x00000000d5800000|100%| O|  |TAMS 0x00000000d5700000| PB 0x00000000d5700000| Untracked 
|  88|0x00000000d5800000, 0x00000000d5900000, 0x00000000d5900000|100%|HS|  |TAMS 0x00000000d5800000| PB 0x00000000d5800000| Complete 
|  89|0x00000000d5900000, 0x00000000d5a00000, 0x00000000d5a00000|100%| O|  |TAMS 0x00000000d5900000| PB 0x00000000d5900000| Untracked 
|  90|0x00000000d5a00000, 0x00000000d5b00000, 0x00000000d5b00000|100%|HS|  |TAMS 0x00000000d5a00000| PB 0x00000000d5a00000| Complete 
|  91|0x00000000d5b00000, 0x00000000d5c00000, 0x00000000d5c00000|100%| O|  |TAMS 0x00000000d5b00000| PB 0x00000000d5b00000| Untracked 
|  92|0x00000000d5c00000, 0x00000000d5d00000, 0x00000000d5d00000|100%| O|  |TAMS 0x00000000d5c00000| PB 0x00000000d5c00000| Untracked 
|  93|0x00000000d5d00000, 0x00000000d5e00000, 0x00000000d5e00000|100%| O|  |TAMS 0x00000000d5d00000| PB 0x00000000d5d00000| Untracked 
|  94|0x00000000d5e00000, 0x00000000d5f00000, 0x00000000d5f00000|100%| O|  |TAMS 0x00000000d5e00000| PB 0x00000000d5e00000| Untracked 
|  95|0x00000000d5f00000, 0x00000000d6000000, 0x00000000d6000000|100%| O|  |TAMS 0x00000000d5f00000| PB 0x00000000d5f00000| Untracked 
|  96|0x00000000d6000000, 0x00000000d6100000, 0x00000000d6100000|100%| O|  |TAMS 0x00000000d6000000| PB 0x00000000d6000000| Untracked 
|  97|0x00000000d6100000, 0x00000000d6200000, 0x00000000d6200000|100%| O|  |TAMS 0x00000000d6100000| PB 0x00000000d6100000| Untracked 
|  98|0x00000000d6200000, 0x00000000d6300000, 0x00000000d6300000|100%| O|  |TAMS 0x00000000d6200000| PB 0x00000000d6200000| Untracked 
|  99|0x00000000d6300000, 0x00000000d6400000, 0x00000000d6400000|100%| O|  |TAMS 0x00000000d6300000| PB 0x00000000d6300000| Untracked 
| 100|0x00000000d6400000, 0x00000000d6500000, 0x00000000d6500000|100%| O|  |TAMS 0x00000000d6400000| PB 0x00000000d6400000| Untracked 
| 101|0x00000000d6500000, 0x00000000d6600000, 0x00000000d6600000|100%|HS|  |TAMS 0x00000000d6500000| PB 0x00000000d6500000| Complete 
| 102|0x00000000d6600000, 0x00000000d6700000, 0x00000000d6700000|100%|HS|  |TAMS 0x00000000d6600000| PB 0x00000000d6600000| Complete 
| 103|0x00000000d6700000, 0x00000000d6800000, 0x00000000d6800000|100%|HS|  |TAMS 0x00000000d6700000| PB 0x00000000d6700000| Complete 
| 104|0x00000000d6800000, 0x00000000d6900000, 0x00000000d6900000|100%| O|  |TAMS 0x00000000d6800000| PB 0x00000000d6800000| Untracked 
| 105|0x00000000d6900000, 0x00000000d6a00000, 0x00000000d6a00000|100%| O|  |TAMS 0x00000000d6900000| PB 0x00000000d6900000| Untracked 
| 106|0x00000000d6a00000, 0x00000000d6b00000, 0x00000000d6b00000|100%| O|  |TAMS 0x00000000d6a00000| PB 0x00000000d6a00000| Untracked 
| 107|0x00000000d6b00000, 0x00000000d6c00000, 0x00000000d6c00000|100%| O|  |TAMS 0x00000000d6b00000| PB 0x00000000d6b00000| Untracked 
| 108|0x00000000d6c00000, 0x00000000d6d00000, 0x00000000d6d00000|100%| O|  |TAMS 0x00000000d6c00000| PB 0x00000000d6c00000| Untracked 
| 109|0x00000000d6d00000, 0x00000000d6e00000, 0x00000000d6e00000|100%| O|  |TAMS 0x00000000d6d00000| PB 0x00000000d6d00000| Untracked 
| 110|0x00000000d6e00000, 0x00000000d6f00000, 0x00000000d6f00000|100%| O|  |TAMS 0x00000000d6e00000| PB 0x00000000d6e00000| Untracked 
| 111|0x00000000d6f00000, 0x00000000d7000000, 0x00000000d7000000|100%| O|  |TAMS 0x00000000d6f00000| PB 0x00000000d6f00000| Untracked 
| 112|0x00000000d7000000, 0x00000000d7100000, 0x00000000d7100000|100%| O|  |TAMS 0x00000000d7000000| PB 0x00000000d7000000| Untracked 
| 113|0x00000000d7100000, 0x00000000d7200000, 0x00000000d7200000|100%| O|  |TAMS 0x00000000d7100000| PB 0x00000000d7100000| Untracked 
| 114|0x00000000d7200000, 0x00000000d7300000, 0x00000000d7300000|100%| O|  |TAMS 0x00000000d7200000| PB 0x00000000d7200000| Untracked 
| 115|0x00000000d7300000, 0x00000000d7400000, 0x00000000d7400000|100%| O|  |TAMS 0x00000000d7300000| PB 0x00000000d7300000| Untracked 
| 116|0x00000000d7400000, 0x00000000d7500000, 0x00000000d7500000|100%| O|  |TAMS 0x00000000d7400000| PB 0x00000000d7400000| Untracked 
| 117|0x00000000d7500000, 0x00000000d7600000, 0x00000000d7600000|100%| O|  |TAMS 0x00000000d7500000| PB 0x00000000d7500000| Untracked 
| 118|0x00000000d7600000, 0x00000000d7700000, 0x00000000d7700000|100%| O|  |TAMS 0x00000000d7600000| PB 0x00000000d7600000| Untracked 
| 119|0x00000000d7700000, 0x00000000d7800000, 0x00000000d7800000|100%|HS|  |TAMS 0x00000000d7700000| PB 0x00000000d7700000| Complete 
| 120|0x00000000d7800000, 0x00000000d7900000, 0x00000000d7900000|100%|HC|  |TAMS 0x00000000d7800000| PB 0x00000000d7800000| Complete 
| 121|0x00000000d7900000, 0x00000000d7a00000, 0x00000000d7a00000|100%|HC|  |TAMS 0x00000000d7900000| PB 0x00000000d7900000| Complete 
| 122|0x00000000d7a00000, 0x00000000d7b00000, 0x00000000d7b00000|100%| O|  |TAMS 0x00000000d7a00000| PB 0x00000000d7a00000| Untracked 
| 123|0x00000000d7b00000, 0x00000000d7c00000, 0x00000000d7c00000|100%| O|  |TAMS 0x00000000d7b00000| PB 0x00000000d7b00000| Untracked 
| 124|0x00000000d7c00000, 0x00000000d7d00000, 0x00000000d7d00000|100%| O|  |TAMS 0x00000000d7c00000| PB 0x00000000d7c00000| Untracked 
| 125|0x00000000d7d00000, 0x00000000d7e00000, 0x00000000d7e00000|100%| O|  |TAMS 0x00000000d7d00000| PB 0x00000000d7d00000| Untracked 
| 126|0x00000000d7e00000, 0x00000000d7f00000, 0x00000000d7f00000|100%| O|  |TAMS 0x00000000d7e00000| PB 0x00000000d7e00000| Untracked 
| 127|0x00000000d7f00000, 0x00000000d8000000, 0x00000000d8000000|100%| O|  |TAMS 0x00000000d7f00000| PB 0x00000000d7f00000| Untracked 
| 128|0x00000000d8000000, 0x00000000d8100000, 0x00000000d8100000|100%| O|  |TAMS 0x00000000d8000000| PB 0x00000000d8000000| Untracked 
| 129|0x00000000d8100000, 0x00000000d8200000, 0x00000000d8200000|100%| O|  |TAMS 0x00000000d8100000| PB 0x00000000d8100000| Untracked 
| 130|0x00000000d8200000, 0x00000000d8300000, 0x00000000d8300000|100%| O|  |TAMS 0x00000000d8200000| PB 0x00000000d8200000| Untracked 
| 131|0x00000000d8300000, 0x00000000d8400000, 0x00000000d8400000|100%| O|  |TAMS 0x00000000d8300000| PB 0x00000000d8300000| Untracked 
| 132|0x00000000d8400000, 0x00000000d8500000, 0x00000000d8500000|100%| O|  |TAMS 0x00000000d8400000| PB 0x00000000d8400000| Untracked 
| 133|0x00000000d8500000, 0x00000000d8600000, 0x00000000d8600000|100%| O|  |TAMS 0x00000000d8500000| PB 0x00000000d8500000| Untracked 
| 134|0x00000000d8600000, 0x00000000d8700000, 0x00000000d8700000|100%| O|  |TAMS 0x00000000d8600000| PB 0x00000000d8600000| Untracked 
| 135|0x00000000d8700000, 0x00000000d8800000, 0x00000000d8800000|100%| O|  |TAMS 0x00000000d8700000| PB 0x00000000d8700000| Untracked 
| 136|0x00000000d8800000, 0x00000000d8900000, 0x00000000d8900000|100%| O|  |TAMS 0x00000000d8800000| PB 0x00000000d8800000| Untracked 
| 137|0x00000000d8900000, 0x00000000d8a00000, 0x00000000d8a00000|100%| O|  |TAMS 0x00000000d8900000| PB 0x00000000d8900000| Untracked 
| 138|0x00000000d8a00000, 0x00000000d8b00000, 0x00000000d8b00000|100%| O|  |TAMS 0x00000000d8a00000| PB 0x00000000d8a00000| Untracked 
| 139|0x00000000d8b00000, 0x00000000d8c00000, 0x00000000d8c00000|100%| O|  |TAMS 0x00000000d8b00000| PB 0x00000000d8b00000| Untracked 
| 140|0x00000000d8c00000, 0x00000000d8d00000, 0x00000000d8d00000|100%| O|  |TAMS 0x00000000d8c00000| PB 0x00000000d8c00000| Untracked 
| 141|0x00000000d8d00000, 0x00000000d8e00000, 0x00000000d8e00000|100%| O|  |TAMS 0x00000000d8d00000| PB 0x00000000d8d00000| Untracked 
| 142|0x00000000d8e00000, 0x00000000d8f00000, 0x00000000d8f00000|100%| O|  |TAMS 0x00000000d8e00000| PB 0x00000000d8e00000| Untracked 
| 143|0x00000000d8f00000, 0x00000000d9000000, 0x00000000d9000000|100%| O|  |TAMS 0x00000000d8f00000| PB 0x00000000d8f00000| Untracked 
| 144|0x00000000d9000000, 0x00000000d9100000, 0x00000000d9100000|100%| O|  |TAMS 0x00000000d9000000| PB 0x00000000d9000000| Untracked 
| 145|0x00000000d9100000, 0x00000000d9200000, 0x00000000d9200000|100%| O|  |TAMS 0x00000000d9100000| PB 0x00000000d9100000| Untracked 
| 146|0x00000000d9200000, 0x00000000d9300000, 0x00000000d9300000|100%| O|  |TAMS 0x00000000d9200000| PB 0x00000000d9200000| Untracked 
| 147|0x00000000d9300000, 0x00000000d9400000, 0x00000000d9400000|100%| O|  |TAMS 0x00000000d9300000| PB 0x00000000d9300000| Untracked 
| 148|0x00000000d9400000, 0x00000000d9500000, 0x00000000d9500000|100%| O|  |TAMS 0x00000000d9400000| PB 0x00000000d9400000| Untracked 
| 149|0x00000000d9500000, 0x00000000d9600000, 0x00000000d9600000|100%| O|  |TAMS 0x00000000d9500000| PB 0x00000000d9500000| Untracked 
| 150|0x00000000d9600000, 0x00000000d9700000, 0x00000000d9700000|100%| O|  |TAMS 0x00000000d9600000| PB 0x00000000d9600000| Untracked 
| 151|0x00000000d9700000, 0x00000000d9800000, 0x00000000d9800000|100%| O|  |TAMS 0x00000000d9700000| PB 0x00000000d9700000| Untracked 
| 152|0x00000000d9800000, 0x00000000d9900000, 0x00000000d9900000|100%| O|  |TAMS 0x00000000d9800000| PB 0x00000000d9800000| Untracked 
| 153|0x00000000d9900000, 0x00000000d9a00000, 0x00000000d9a00000|100%| O|  |TAMS 0x00000000d9900000| PB 0x00000000d9900000| Untracked 
| 154|0x00000000d9a00000, 0x00000000d9b00000, 0x00000000d9b00000|100%| O|  |TAMS 0x00000000d9a00000| PB 0x00000000d9a00000| Untracked 
| 155|0x00000000d9b00000, 0x00000000d9c00000, 0x00000000d9c00000|100%| O|  |TAMS 0x00000000d9b00000| PB 0x00000000d9b00000| Untracked 
| 156|0x00000000d9c00000, 0x00000000d9d00000, 0x00000000d9d00000|100%| O|  |TAMS 0x00000000d9c00000| PB 0x00000000d9c00000| Untracked 
| 157|0x00000000d9d00000, 0x00000000d9e00000, 0x00000000d9e00000|100%| O|  |TAMS 0x00000000d9d00000| PB 0x00000000d9d00000| Untracked 
| 158|0x00000000d9e00000, 0x00000000d9f00000, 0x00000000d9f00000|100%| O|  |TAMS 0x00000000d9e00000| PB 0x00000000d9e00000| Untracked 
| 159|0x00000000d9f00000, 0x00000000da000000, 0x00000000da000000|100%| O|  |TAMS 0x00000000d9f00000| PB 0x00000000d9f00000| Untracked 
| 160|0x00000000da000000, 0x00000000da100000, 0x00000000da100000|100%| O|  |TAMS 0x00000000da000000| PB 0x00000000da000000| Untracked 
| 161|0x00000000da100000, 0x00000000da200000, 0x00000000da200000|100%| O|  |TAMS 0x00000000da100000| PB 0x00000000da100000| Untracked 
| 162|0x00000000da200000, 0x00000000da300000, 0x00000000da300000|100%| O|  |TAMS 0x00000000da200000| PB 0x00000000da200000| Untracked 
| 163|0x00000000da300000, 0x00000000da400000, 0x00000000da400000|100%| O|  |TAMS 0x00000000da300000| PB 0x00000000da300000| Untracked 
| 164|0x00000000da400000, 0x00000000da500000, 0x00000000da500000|100%| O|  |TAMS 0x00000000da400000| PB 0x00000000da400000| Untracked 
| 165|0x00000000da500000, 0x00000000da600000, 0x00000000da600000|100%| O|  |TAMS 0x00000000da500000| PB 0x00000000da500000| Untracked 
| 166|0x00000000da600000, 0x00000000da700000, 0x00000000da700000|100%| O|  |TAMS 0x00000000da600000| PB 0x00000000da600000| Untracked 
| 167|0x00000000da700000, 0x00000000da800000, 0x00000000da800000|100%| O|  |TAMS 0x00000000da700000| PB 0x00000000da700000| Untracked 
| 168|0x00000000da800000, 0x00000000da900000, 0x00000000da900000|100%| O|  |TAMS 0x00000000da800000| PB 0x00000000da800000| Untracked 
| 169|0x00000000da900000, 0x00000000daa00000, 0x00000000daa00000|100%| O|  |TAMS 0x00000000da900000| PB 0x00000000da900000| Untracked 
| 170|0x00000000daa00000, 0x00000000dab00000, 0x00000000dab00000|100%| O|  |TAMS 0x00000000daa00000| PB 0x00000000daa00000| Untracked 
| 171|0x00000000dab00000, 0x00000000dac00000, 0x00000000dac00000|100%| O|  |TAMS 0x00000000dab00000| PB 0x00000000dab00000| Untracked 
| 172|0x00000000dac00000, 0x00000000dad00000, 0x00000000dad00000|100%| O|  |TAMS 0x00000000dac00000| PB 0x00000000dac00000| Untracked 
| 173|0x00000000dad00000, 0x00000000dae00000, 0x00000000dae00000|100%|HS|  |TAMS 0x00000000dad00000| PB 0x00000000dad00000| Complete 
| 174|0x00000000dae00000, 0x00000000daf00000, 0x00000000daf00000|100%|HS|  |TAMS 0x00000000dae00000| PB 0x00000000dae00000| Complete 
| 175|0x00000000daf00000, 0x00000000db000000, 0x00000000db000000|100%| O|  |TAMS 0x00000000daf00000| PB 0x00000000daf00000| Untracked 
| 176|0x00000000db000000, 0x00000000db100000, 0x00000000db100000|100%| O|  |TAMS 0x00000000db000000| PB 0x00000000db000000| Untracked 
| 177|0x00000000db100000, 0x00000000db200000, 0x00000000db200000|100%| O|  |TAMS 0x00000000db100000| PB 0x00000000db100000| Untracked 
| 178|0x00000000db200000, 0x00000000db300000, 0x00000000db300000|100%| O|  |TAMS 0x00000000db200000| PB 0x00000000db200000| Untracked 
| 179|0x00000000db300000, 0x00000000db400000, 0x00000000db400000|100%|HS|  |TAMS 0x00000000db300000| PB 0x00000000db300000| Complete 
| 180|0x00000000db400000, 0x00000000db500000, 0x00000000db500000|100%|HC|  |TAMS 0x00000000db400000| PB 0x00000000db400000| Complete 
| 181|0x00000000db500000, 0x00000000db600000, 0x00000000db600000|100%| O|  |TAMS 0x00000000db500000| PB 0x00000000db500000| Untracked 
| 182|0x00000000db600000, 0x00000000db700000, 0x00000000db700000|100%| O|  |TAMS 0x00000000db600000| PB 0x00000000db600000| Untracked 
| 183|0x00000000db700000, 0x00000000db800000, 0x00000000db800000|100%| O|  |TAMS 0x00000000db700000| PB 0x00000000db700000| Untracked 
| 184|0x00000000db800000, 0x00000000db900000, 0x00000000db900000|100%| O|  |TAMS 0x00000000db800000| PB 0x00000000db800000| Untracked 
| 185|0x00000000db900000, 0x00000000dba00000, 0x00000000dba00000|100%| O|  |TAMS 0x00000000db900000| PB 0x00000000db900000| Untracked 
| 186|0x00000000dba00000, 0x00000000dbb00000, 0x00000000dbb00000|100%| O|  |TAMS 0x00000000dba00000| PB 0x00000000dba00000| Untracked 
| 187|0x00000000dbb00000, 0x00000000dbc00000, 0x00000000dbc00000|100%| O|  |TAMS 0x00000000dbb00000| PB 0x00000000dbb00000| Untracked 
| 188|0x00000000dbc00000, 0x00000000dbd00000, 0x00000000dbd00000|100%| O|  |TAMS 0x00000000dbc00000| PB 0x00000000dbc00000| Untracked 
| 189|0x00000000dbd00000, 0x00000000dbe00000, 0x00000000dbe00000|100%| O|  |TAMS 0x00000000dbd00000| PB 0x00000000dbd00000| Untracked 
| 190|0x00000000dbe00000, 0x00000000dbf00000, 0x00000000dbf00000|100%| O|  |TAMS 0x00000000dbe00000| PB 0x00000000dbe00000| Untracked 
| 191|0x00000000dbf00000, 0x00000000dc000000, 0x00000000dc000000|100%| O|  |TAMS 0x00000000dbf00000| PB 0x00000000dbf00000| Untracked 
| 192|0x00000000dc000000, 0x00000000dc100000, 0x00000000dc100000|100%| O|  |TAMS 0x00000000dc000000| PB 0x00000000dc000000| Untracked 
| 193|0x00000000dc100000, 0x00000000dc200000, 0x00000000dc200000|100%| O|  |TAMS 0x00000000dc100000| PB 0x00000000dc100000| Untracked 
| 194|0x00000000dc200000, 0x00000000dc300000, 0x00000000dc300000|100%| O|  |TAMS 0x00000000dc200000| PB 0x00000000dc200000| Untracked 
| 195|0x00000000dc300000, 0x00000000dc400000, 0x00000000dc400000|100%| O|  |TAMS 0x00000000dc300000| PB 0x00000000dc300000| Untracked 
| 196|0x00000000dc400000, 0x00000000dc500000, 0x00000000dc500000|100%| O|  |TAMS 0x00000000dc400000| PB 0x00000000dc400000| Untracked 
| 197|0x00000000dc500000, 0x00000000dc600000, 0x00000000dc600000|100%| O|  |TAMS 0x00000000dc500000| PB 0x00000000dc500000| Untracked 
| 198|0x00000000dc600000, 0x00000000dc700000, 0x00000000dc700000|100%| O|  |TAMS 0x00000000dc600000| PB 0x00000000dc600000| Untracked 
| 199|0x00000000dc700000, 0x00000000dc800000, 0x00000000dc800000|100%| O|  |TAMS 0x00000000dc700000| PB 0x00000000dc700000| Untracked 
| 200|0x00000000dc800000, 0x00000000dc900000, 0x00000000dc900000|100%| O|  |TAMS 0x00000000dc800000| PB 0x00000000dc800000| Untracked 
| 201|0x00000000dc900000, 0x00000000dca00000, 0x00000000dca00000|100%| O|  |TAMS 0x00000000dc900000| PB 0x00000000dc900000| Untracked 
| 202|0x00000000dca00000, 0x00000000dcb00000, 0x00000000dcb00000|100%| O|  |TAMS 0x00000000dca00000| PB 0x00000000dca00000| Untracked 
| 203|0x00000000dcb00000, 0x00000000dcc00000, 0x00000000dcc00000|100%| O|  |TAMS 0x00000000dcb00000| PB 0x00000000dcb00000| Untracked 
| 204|0x00000000dcc00000, 0x00000000dcd00000, 0x00000000dcd00000|100%| O|  |TAMS 0x00000000dcc00000| PB 0x00000000dcc00000| Untracked 
| 205|0x00000000dcd00000, 0x00000000dce00000, 0x00000000dce00000|100%| O|  |TAMS 0x00000000dcd00000| PB 0x00000000dcd00000| Untracked 
| 206|0x00000000dce00000, 0x00000000dcf00000, 0x00000000dcf00000|100%| O|  |TAMS 0x00000000dce00000| PB 0x00000000dce00000| Untracked 
| 207|0x00000000dcf00000, 0x00000000dd000000, 0x00000000dd000000|100%| O|  |TAMS 0x00000000dcf00000| PB 0x00000000dcf00000| Untracked 
| 208|0x00000000dd000000, 0x00000000dd100000, 0x00000000dd100000|100%| O|  |TAMS 0x00000000dd000000| PB 0x00000000dd000000| Untracked 
| 209|0x00000000dd100000, 0x00000000dd200000, 0x00000000dd200000|100%| O|  |TAMS 0x00000000dd100000| PB 0x00000000dd100000| Untracked 
| 210|0x00000000dd200000, 0x00000000dd300000, 0x00000000dd300000|100%| O|  |TAMS 0x00000000dd200000| PB 0x00000000dd200000| Untracked 
| 211|0x00000000dd300000, 0x00000000dd400000, 0x00000000dd400000|100%| O|  |TAMS 0x00000000dd300000| PB 0x00000000dd300000| Untracked 
| 212|0x00000000dd400000, 0x00000000dd500000, 0x00000000dd500000|100%| O|  |TAMS 0x00000000dd400000| PB 0x00000000dd400000| Untracked 
| 213|0x00000000dd500000, 0x00000000dd600000, 0x00000000dd600000|100%| O|  |TAMS 0x00000000dd500000| PB 0x00000000dd500000| Untracked 
| 214|0x00000000dd600000, 0x00000000dd700000, 0x00000000dd700000|100%| O|  |TAMS 0x00000000dd600000| PB 0x00000000dd600000| Untracked 
| 215|0x00000000dd700000, 0x00000000dd800000, 0x00000000dd800000|100%| O|  |TAMS 0x00000000dd700000| PB 0x00000000dd700000| Untracked 
| 216|0x00000000dd800000, 0x00000000dd900000, 0x00000000dd900000|100%| O|  |TAMS 0x00000000dd800000| PB 0x00000000dd800000| Untracked 
| 217|0x00000000dd900000, 0x00000000dda00000, 0x00000000dda00000|100%| O|  |TAMS 0x00000000dd900000| PB 0x00000000dd900000| Untracked 
| 218|0x00000000dda00000, 0x00000000ddb00000, 0x00000000ddb00000|100%| O|  |TAMS 0x00000000dda00000| PB 0x00000000dda00000| Untracked 
| 219|0x00000000ddb00000, 0x00000000ddc00000, 0x00000000ddc00000|100%|HS|  |TAMS 0x00000000ddb00000| PB 0x00000000ddb00000| Complete 
| 220|0x00000000ddc00000, 0x00000000ddd00000, 0x00000000ddd00000|100%| O|  |TAMS 0x00000000ddc00000| PB 0x00000000ddc00000| Untracked 
| 221|0x00000000ddd00000, 0x00000000dde00000, 0x00000000dde00000|100%| O|  |TAMS 0x00000000ddd00000| PB 0x00000000ddd00000| Untracked 
| 222|0x00000000dde00000, 0x00000000ddf00000, 0x00000000ddf00000|100%| O|  |TAMS 0x00000000dde00000| PB 0x00000000dde00000| Untracked 
| 223|0x00000000ddf00000, 0x00000000de000000, 0x00000000de000000|100%| O|  |TAMS 0x00000000ddf00000| PB 0x00000000ddf00000| Untracked 
| 224|0x00000000de000000, 0x00000000de100000, 0x00000000de100000|100%| O|  |TAMS 0x00000000de000000| PB 0x00000000de000000| Untracked 
| 225|0x00000000de100000, 0x00000000de200000, 0x00000000de200000|100%| O|  |TAMS 0x00000000de100000| PB 0x00000000de100000| Untracked 
| 226|0x00000000de200000, 0x00000000de300000, 0x00000000de300000|100%|HS|  |TAMS 0x00000000de200000| PB 0x00000000de200000| Complete 
| 227|0x00000000de300000, 0x00000000de400000, 0x00000000de400000|100%| O|  |TAMS 0x00000000de300000| PB 0x00000000de300000| Untracked 
| 228|0x00000000de400000, 0x00000000de500000, 0x00000000de500000|100%| O|  |TAMS 0x00000000de400000| PB 0x00000000de400000| Untracked 
| 229|0x00000000de500000, 0x00000000de600000, 0x00000000de600000|100%| O|  |TAMS 0x00000000de500000| PB 0x00000000de500000| Untracked 
| 230|0x00000000de600000, 0x00000000de700000, 0x00000000de700000|100%| O|  |TAMS 0x00000000de600000| PB 0x00000000de600000| Untracked 
| 231|0x00000000de700000, 0x00000000de800000, 0x00000000de800000|100%| O|  |TAMS 0x00000000de700000| PB 0x00000000de700000| Untracked 
| 232|0x00000000de800000, 0x00000000de900000, 0x00000000de900000|100%| O|  |TAMS 0x00000000de800000| PB 0x00000000de800000| Untracked 
| 233|0x00000000de900000, 0x00000000dea00000, 0x00000000dea00000|100%| O|  |TAMS 0x00000000de900000| PB 0x00000000de900000| Untracked 
| 234|0x00000000dea00000, 0x00000000deb00000, 0x00000000deb00000|100%| O|  |TAMS 0x00000000dea00000| PB 0x00000000dea00000| Untracked 
| 235|0x00000000deb00000, 0x00000000dec00000, 0x00000000dec00000|100%| O|  |TAMS 0x00000000deb00000| PB 0x00000000deb00000| Untracked 
| 236|0x00000000dec00000, 0x00000000ded00000, 0x00000000ded00000|100%| O|  |TAMS 0x00000000dec00000| PB 0x00000000dec00000| Untracked 
| 237|0x00000000ded00000, 0x00000000dee00000, 0x00000000dee00000|100%| O|  |TAMS 0x00000000ded00000| PB 0x00000000ded00000| Untracked 
| 238|0x00000000dee00000, 0x00000000def00000, 0x00000000def00000|100%| O|  |TAMS 0x00000000dee00000| PB 0x00000000dee00000| Untracked 
| 239|0x00000000def00000, 0x00000000df000000, 0x00000000df000000|100%| O|  |TAMS 0x00000000def00000| PB 0x00000000def00000| Untracked 
| 240|0x00000000df000000, 0x00000000df100000, 0x00000000df100000|100%| O|  |TAMS 0x00000000df000000| PB 0x00000000df000000| Untracked 
| 241|0x00000000df100000, 0x00000000df200000, 0x00000000df200000|100%| O|  |TAMS 0x00000000df100000| PB 0x00000000df100000| Untracked 
| 242|0x00000000df200000, 0x00000000df300000, 0x00000000df300000|100%| O|  |TAMS 0x00000000df200000| PB 0x00000000df200000| Untracked 
| 243|0x00000000df300000, 0x00000000df400000, 0x00000000df400000|100%|HS|  |TAMS 0x00000000df300000| PB 0x00000000df300000| Complete 
| 244|0x00000000df400000, 0x00000000df500000, 0x00000000df500000|100%|HS|  |TAMS 0x00000000df400000| PB 0x00000000df400000| Complete 
| 245|0x00000000df500000, 0x00000000df600000, 0x00000000df600000|100%| O|  |TAMS 0x00000000df500000| PB 0x00000000df500000| Untracked 
| 246|0x00000000df600000, 0x00000000df700000, 0x00000000df700000|100%| O|  |TAMS 0x00000000df600000| PB 0x00000000df600000| Untracked 
| 247|0x00000000df700000, 0x00000000df800000, 0x00000000df800000|100%|HS|  |TAMS 0x00000000df700000| PB 0x00000000df700000| Complete 
| 248|0x00000000df800000, 0x00000000df900000, 0x00000000df900000|100%|HS|  |TAMS 0x00000000df800000| PB 0x00000000df800000| Complete 
| 249|0x00000000df900000, 0x00000000dfa00000, 0x00000000dfa00000|100%| O|  |TAMS 0x00000000df900000| PB 0x00000000df900000| Untracked 
| 250|0x00000000dfa00000, 0x00000000dfb00000, 0x00000000dfb00000|100%| O|  |TAMS 0x00000000dfa00000| PB 0x00000000dfa00000| Untracked 
| 251|0x00000000dfb00000, 0x00000000dfc00000, 0x00000000dfc00000|100%| O|  |TAMS 0x00000000dfb00000| PB 0x00000000dfb00000| Untracked 
| 252|0x00000000dfc00000, 0x00000000dfd00000, 0x00000000dfd00000|100%| O|  |TAMS 0x00000000dfc00000| PB 0x00000000dfc00000| Untracked 
| 253|0x00000000dfd00000, 0x00000000dfe00000, 0x00000000dfe00000|100%| O|  |TAMS 0x00000000dfd00000| PB 0x00000000dfd00000| Untracked 
| 254|0x00000000dfe00000, 0x00000000dff00000, 0x00000000dff00000|100%| O|  |TAMS 0x00000000dfe00000| PB 0x00000000dfe00000| Untracked 
| 255|0x00000000dff00000, 0x00000000e0000000, 0x00000000e0000000|100%| O|  |TAMS 0x00000000dff00000| PB 0x00000000dff00000| Untracked 
| 256|0x00000000e0000000, 0x00000000e0100000, 0x00000000e0100000|100%| O|  |TAMS 0x00000000e0000000| PB 0x00000000e0000000| Untracked 
| 257|0x00000000e0100000, 0x00000000e0200000, 0x00000000e0200000|100%| O|  |TAMS 0x00000000e0100000| PB 0x00000000e0100000| Untracked 
| 258|0x00000000e0200000, 0x00000000e0300000, 0x00000000e0300000|100%| O|  |TAMS 0x00000000e0200000| PB 0x00000000e0200000| Untracked 
| 259|0x00000000e0300000, 0x00000000e0400000, 0x00000000e0400000|100%| O|  |TAMS 0x00000000e0300000| PB 0x00000000e0300000| Untracked 
| 260|0x00000000e0400000, 0x00000000e0500000, 0x00000000e0500000|100%| O|  |TAMS 0x00000000e0400000| PB 0x00000000e0400000| Untracked 
| 261|0x00000000e0500000, 0x00000000e0600000, 0x00000000e0600000|100%| O|  |TAMS 0x00000000e0500000| PB 0x00000000e0500000| Untracked 
| 262|0x00000000e0600000, 0x00000000e0700000, 0x00000000e0700000|100%| O|  |TAMS 0x00000000e0600000| PB 0x00000000e0600000| Untracked 
| 263|0x00000000e0700000, 0x00000000e0800000, 0x00000000e0800000|100%| O|  |TAMS 0x00000000e0700000| PB 0x00000000e0700000| Untracked 
| 264|0x00000000e0800000, 0x00000000e0900000, 0x00000000e0900000|100%| O|  |TAMS 0x00000000e0800000| PB 0x00000000e0800000| Untracked 
| 265|0x00000000e0900000, 0x00000000e0a00000, 0x00000000e0a00000|100%| O|  |TAMS 0x00000000e0900000| PB 0x00000000e0900000| Untracked 
| 266|0x00000000e0a00000, 0x00000000e0b00000, 0x00000000e0b00000|100%| O|  |TAMS 0x00000000e0a00000| PB 0x00000000e0a00000| Untracked 
| 267|0x00000000e0b00000, 0x00000000e0c00000, 0x00000000e0c00000|100%| O|  |TAMS 0x00000000e0b00000| PB 0x00000000e0b00000| Untracked 
| 268|0x00000000e0c00000, 0x00000000e0d00000, 0x00000000e0d00000|100%| O|  |TAMS 0x00000000e0c00000| PB 0x00000000e0c00000| Untracked 
| 269|0x00000000e0d00000, 0x00000000e0e00000, 0x00000000e0e00000|100%| O|  |TAMS 0x00000000e0d00000| PB 0x00000000e0d00000| Untracked 
| 270|0x00000000e0e00000, 0x00000000e0f00000, 0x00000000e0f00000|100%| O|  |TAMS 0x00000000e0e00000| PB 0x00000000e0e00000| Untracked 
| 271|0x00000000e0f00000, 0x00000000e1000000, 0x00000000e1000000|100%| O|  |TAMS 0x00000000e0f00000| PB 0x00000000e0f00000| Untracked 
| 272|0x00000000e1000000, 0x00000000e1100000, 0x00000000e1100000|100%| O|  |TAMS 0x00000000e1000000| PB 0x00000000e1000000| Untracked 
| 273|0x00000000e1100000, 0x00000000e1200000, 0x00000000e1200000|100%| O|  |TAMS 0x00000000e1100000| PB 0x00000000e1100000| Untracked 
| 274|0x00000000e1200000, 0x00000000e1300000, 0x00000000e1300000|100%| O|  |TAMS 0x00000000e1200000| PB 0x00000000e1200000| Untracked 
| 275|0x00000000e1300000, 0x00000000e1400000, 0x00000000e1400000|100%| O|  |TAMS 0x00000000e1300000| PB 0x00000000e1300000| Untracked 
| 276|0x00000000e1400000, 0x00000000e1500000, 0x00000000e1500000|100%| O|  |TAMS 0x00000000e1400000| PB 0x00000000e1400000| Untracked 
| 277|0x00000000e1500000, 0x00000000e1600000, 0x00000000e1600000|100%| O|  |TAMS 0x00000000e1500000| PB 0x00000000e1500000| Untracked 
| 278|0x00000000e1600000, 0x00000000e1700000, 0x00000000e1700000|100%| O|  |TAMS 0x00000000e1600000| PB 0x00000000e1600000| Untracked 
| 279|0x00000000e1700000, 0x00000000e1800000, 0x00000000e1800000|100%| O|  |TAMS 0x00000000e1700000| PB 0x00000000e1700000| Untracked 
| 280|0x00000000e1800000, 0x00000000e1900000, 0x00000000e1900000|100%|HS|  |TAMS 0x00000000e1800000| PB 0x00000000e1800000| Complete 
| 281|0x00000000e1900000, 0x00000000e1a00000, 0x00000000e1a00000|100%|HS|  |TAMS 0x00000000e1900000| PB 0x00000000e1900000| Complete 
| 282|0x00000000e1a00000, 0x00000000e1a00000, 0x00000000e1b00000|  0%| F|  |TAMS 0x00000000e1a00000| PB 0x00000000e1a00000| Untracked 
| 283|0x00000000e1b00000, 0x00000000e1c00000, 0x00000000e1c00000|100%| O|  |TAMS 0x00000000e1b00000| PB 0x00000000e1b00000| Untracked 
| 284|0x00000000e1c00000, 0x00000000e1d00000, 0x00000000e1d00000|100%| O|  |TAMS 0x00000000e1c00000| PB 0x00000000e1c00000| Untracked 
| 285|0x00000000e1d00000, 0x00000000e1e00000, 0x00000000e1e00000|100%| O|  |TAMS 0x00000000e1d00000| PB 0x00000000e1d00000| Untracked 
| 286|0x00000000e1e00000, 0x00000000e1f00000, 0x00000000e1f00000|100%| O|  |TAMS 0x00000000e1e00000| PB 0x00000000e1e00000| Untracked 
| 287|0x00000000e1f00000, 0x00000000e2000000, 0x00000000e2000000|100%| O|  |TAMS 0x00000000e1f00000| PB 0x00000000e1f00000| Untracked 
| 288|0x00000000e2000000, 0x00000000e2100000, 0x00000000e2100000|100%| O|  |TAMS 0x00000000e2000000| PB 0x00000000e2000000| Untracked 
| 289|0x00000000e2100000, 0x00000000e2200000, 0x00000000e2200000|100%| O|  |TAMS 0x00000000e2100000| PB 0x00000000e2100000| Untracked 
| 290|0x00000000e2200000, 0x00000000e2300000, 0x00000000e2300000|100%| O|  |TAMS 0x00000000e2200000| PB 0x00000000e2200000| Untracked 
| 291|0x00000000e2300000, 0x00000000e2400000, 0x00000000e2400000|100%| O|  |TAMS 0x00000000e2300000| PB 0x00000000e2300000| Untracked 
| 292|0x00000000e2400000, 0x00000000e2400000, 0x00000000e2500000|  0%| F|  |TAMS 0x00000000e2400000| PB 0x00000000e2400000| Untracked 
| 293|0x00000000e2500000, 0x00000000e2500000, 0x00000000e2600000|  0%| F|  |TAMS 0x00000000e2500000| PB 0x00000000e2500000| Untracked 
| 294|0x00000000e2600000, 0x00000000e2700000, 0x00000000e2700000|100%|HS|  |TAMS 0x00000000e2600000| PB 0x00000000e2600000| Complete 
| 295|0x00000000e2700000, 0x00000000e2800000, 0x00000000e2800000|100%|HS|  |TAMS 0x00000000e2700000| PB 0x00000000e2700000| Complete 
| 296|0x00000000e2800000, 0x00000000e2900000, 0x00000000e2900000|100%| O|  |TAMS 0x00000000e2800000| PB 0x00000000e2800000| Untracked 
| 297|0x00000000e2900000, 0x00000000e2a00000, 0x00000000e2a00000|100%| O|  |TAMS 0x00000000e2900000| PB 0x00000000e2900000| Untracked 
| 298|0x00000000e2a00000, 0x00000000e2b00000, 0x00000000e2b00000|100%| O|  |TAMS 0x00000000e2a00000| PB 0x00000000e2a00000| Untracked 
| 299|0x00000000e2b00000, 0x00000000e2c00000, 0x00000000e2c00000|100%| O|  |TAMS 0x00000000e2b00000| PB 0x00000000e2b00000| Untracked 
| 300|0x00000000e2c00000, 0x00000000e2d00000, 0x00000000e2d00000|100%| O|  |TAMS 0x00000000e2c00000| PB 0x00000000e2c00000| Untracked 
| 301|0x00000000e2d00000, 0x00000000e2e00000, 0x00000000e2e00000|100%| O|  |TAMS 0x00000000e2d00000| PB 0x00000000e2d00000| Untracked 
| 302|0x00000000e2e00000, 0x00000000e2f00000, 0x00000000e2f00000|100%| O|  |TAMS 0x00000000e2e00000| PB 0x00000000e2e00000| Untracked 
| 303|0x00000000e2f00000, 0x00000000e3000000, 0x00000000e3000000|100%| O|  |TAMS 0x00000000e2f00000| PB 0x00000000e2f00000| Untracked 
| 304|0x00000000e3000000, 0x00000000e3100000, 0x00000000e3100000|100%| O|  |TAMS 0x00000000e3000000| PB 0x00000000e3000000| Untracked 
| 305|0x00000000e3100000, 0x00000000e3100000, 0x00000000e3200000|  0%| F|  |TAMS 0x00000000e3100000| PB 0x00000000e3100000| Untracked 
| 306|0x00000000e3200000, 0x00000000e3200000, 0x00000000e3300000|  0%| F|  |TAMS 0x00000000e3200000| PB 0x00000000e3200000| Untracked 
| 307|0x00000000e3300000, 0x00000000e3300000, 0x00000000e3400000|  0%| F|  |TAMS 0x00000000e3300000| PB 0x00000000e3300000| Untracked 
| 308|0x00000000e3400000, 0x00000000e3500000, 0x00000000e3500000|100%| O|  |TAMS 0x00000000e3400000| PB 0x00000000e3400000| Untracked 
| 309|0x00000000e3500000, 0x00000000e3600000, 0x00000000e3600000|100%| O|  |TAMS 0x00000000e3500000| PB 0x00000000e3500000| Untracked 
| 310|0x00000000e3600000, 0x00000000e3700000, 0x00000000e3700000|100%| O|  |TAMS 0x00000000e3600000| PB 0x00000000e3600000| Untracked 
| 311|0x00000000e3700000, 0x00000000e3800000, 0x00000000e3800000|100%| O|  |TAMS 0x00000000e3700000| PB 0x00000000e3700000| Untracked 
| 312|0x00000000e3800000, 0x00000000e3900000, 0x00000000e3900000|100%| O|  |TAMS 0x00000000e3800000| PB 0x00000000e3800000| Untracked 
| 313|0x00000000e3900000, 0x00000000e3a00000, 0x00000000e3a00000|100%| O|  |TAMS 0x00000000e3900000| PB 0x00000000e3900000| Untracked 
| 314|0x00000000e3a00000, 0x00000000e3b00000, 0x00000000e3b00000|100%| O|  |TAMS 0x00000000e3a00000| PB 0x00000000e3a00000| Untracked 
| 315|0x00000000e3b00000, 0x00000000e3c00000, 0x00000000e3c00000|100%| O|  |TAMS 0x00000000e3b00000| PB 0x00000000e3b00000| Untracked 
| 316|0x00000000e3c00000, 0x00000000e3d00000, 0x00000000e3d00000|100%| O|  |TAMS 0x00000000e3c00000| PB 0x00000000e3c00000| Untracked 
| 317|0x00000000e3d00000, 0x00000000e3e00000, 0x00000000e3e00000|100%| O|  |TAMS 0x00000000e3d00000| PB 0x00000000e3d00000| Untracked 
| 318|0x00000000e3e00000, 0x00000000e3f00000, 0x00000000e3f00000|100%| O|  |TAMS 0x00000000e3e00000| PB 0x00000000e3e00000| Untracked 
| 319|0x00000000e3f00000, 0x00000000e4000000, 0x00000000e4000000|100%| O|  |TAMS 0x00000000e3f00000| PB 0x00000000e3f00000| Untracked 
| 320|0x00000000e4000000, 0x00000000e4100000, 0x00000000e4100000|100%| O|  |TAMS 0x00000000e4000000| PB 0x00000000e4000000| Untracked 
| 321|0x00000000e4100000, 0x00000000e4200000, 0x00000000e4200000|100%| O|  |TAMS 0x00000000e4100000| PB 0x00000000e4100000| Untracked 
| 322|0x00000000e4200000, 0x00000000e4300000, 0x00000000e4300000|100%| O|  |TAMS 0x00000000e4200000| PB 0x00000000e4200000| Untracked 
| 323|0x00000000e4300000, 0x00000000e4400000, 0x00000000e4400000|100%| O|  |TAMS 0x00000000e4300000| PB 0x00000000e4300000| Untracked 
| 324|0x00000000e4400000, 0x00000000e4500000, 0x00000000e4500000|100%| O|  |TAMS 0x00000000e4400000| PB 0x00000000e4400000| Untracked 
| 325|0x00000000e4500000, 0x00000000e4600000, 0x00000000e4600000|100%| O|  |TAMS 0x00000000e4500000| PB 0x00000000e4500000| Untracked 
| 326|0x00000000e4600000, 0x00000000e4700000, 0x00000000e4700000|100%| O|  |TAMS 0x00000000e4600000| PB 0x00000000e4600000| Untracked 
| 327|0x00000000e4700000, 0x00000000e4800000, 0x00000000e4800000|100%| O|  |TAMS 0x00000000e4700000| PB 0x00000000e4700000| Untracked 
| 328|0x00000000e4800000, 0x00000000e4900000, 0x00000000e4900000|100%| O|  |TAMS 0x00000000e4800000| PB 0x00000000e4800000| Untracked 
| 329|0x00000000e4900000, 0x00000000e4a00000, 0x00000000e4a00000|100%| O|  |TAMS 0x00000000e4900000| PB 0x00000000e4900000| Untracked 
| 330|0x00000000e4a00000, 0x00000000e4b00000, 0x00000000e4b00000|100%| O|  |TAMS 0x00000000e4a00000| PB 0x00000000e4a00000| Untracked 
| 331|0x00000000e4b00000, 0x00000000e4b00000, 0x00000000e4c00000|  0%| F|  |TAMS 0x00000000e4b00000| PB 0x00000000e4b00000| Untracked 
| 332|0x00000000e4c00000, 0x00000000e4c00000, 0x00000000e4d00000|  0%| F|  |TAMS 0x00000000e4c00000| PB 0x00000000e4c00000| Untracked 
| 333|0x00000000e4d00000, 0x00000000e4d00000, 0x00000000e4e00000|  0%| F|  |TAMS 0x00000000e4d00000| PB 0x00000000e4d00000| Untracked 
| 334|0x00000000e4e00000, 0x00000000e4e00000, 0x00000000e4f00000|  0%| F|  |TAMS 0x00000000e4e00000| PB 0x00000000e4e00000| Untracked 
| 335|0x00000000e4f00000, 0x00000000e5000000, 0x00000000e5000000|100%| O|  |TAMS 0x00000000e4f00000| PB 0x00000000e4f00000| Untracked 
| 336|0x00000000e5000000, 0x00000000e5100000, 0x00000000e5100000|100%| O|  |TAMS 0x00000000e5000000| PB 0x00000000e5000000| Untracked 
| 337|0x00000000e5100000, 0x00000000e5200000, 0x00000000e5200000|100%| O|  |TAMS 0x00000000e5100000| PB 0x00000000e5100000| Untracked 
| 338|0x00000000e5200000, 0x00000000e5300000, 0x00000000e5300000|100%| O|  |TAMS 0x00000000e5200000| PB 0x00000000e5200000| Untracked 
| 339|0x00000000e5300000, 0x00000000e5400000, 0x00000000e5400000|100%| O|  |TAMS 0x00000000e5300000| PB 0x00000000e5300000| Untracked 
| 340|0x00000000e5400000, 0x00000000e5500000, 0x00000000e5500000|100%| O|  |TAMS 0x00000000e5400000| PB 0x00000000e5400000| Untracked 
| 341|0x00000000e5500000, 0x00000000e5600000, 0x00000000e5600000|100%| O|  |TAMS 0x00000000e5500000| PB 0x00000000e5500000| Untracked 
| 342|0x00000000e5600000, 0x00000000e5700000, 0x00000000e5700000|100%| O|  |TAMS 0x00000000e5600000| PB 0x00000000e5600000| Untracked 
| 343|0x00000000e5700000, 0x00000000e5800000, 0x00000000e5800000|100%| O|  |TAMS 0x00000000e5700000| PB 0x00000000e5700000| Untracked 
| 344|0x00000000e5800000, 0x00000000e5900000, 0x00000000e5900000|100%| O|  |TAMS 0x00000000e5800000| PB 0x00000000e5800000| Untracked 
| 345|0x00000000e5900000, 0x00000000e5a00000, 0x00000000e5a00000|100%| O|  |TAMS 0x00000000e5900000| PB 0x00000000e5900000| Untracked 
| 346|0x00000000e5a00000, 0x00000000e5b00000, 0x00000000e5b00000|100%| O|  |TAMS 0x00000000e5a00000| PB 0x00000000e5a00000| Untracked 
| 347|0x00000000e5b00000, 0x00000000e5c00000, 0x00000000e5c00000|100%| O|  |TAMS 0x00000000e5b00000| PB 0x00000000e5b00000| Untracked 
| 348|0x00000000e5c00000, 0x00000000e5d00000, 0x00000000e5d00000|100%| O|  |TAMS 0x00000000e5c00000| PB 0x00000000e5c00000| Untracked 
| 349|0x00000000e5d00000, 0x00000000e5e00000, 0x00000000e5e00000|100%| O|  |TAMS 0x00000000e5d00000| PB 0x00000000e5d00000| Untracked 
| 350|0x00000000e5e00000, 0x00000000e5f00000, 0x00000000e5f00000|100%| O|  |TAMS 0x00000000e5e00000| PB 0x00000000e5e00000| Untracked 
| 351|0x00000000e5f00000, 0x00000000e6000000, 0x00000000e6000000|100%| O|  |TAMS 0x00000000e5f00000| PB 0x00000000e5f00000| Untracked 
| 352|0x00000000e6000000, 0x00000000e6100000, 0x00000000e6100000|100%| O|  |TAMS 0x00000000e6000000| PB 0x00000000e6000000| Untracked 
| 353|0x00000000e6100000, 0x00000000e6200000, 0x00000000e6200000|100%| O|  |TAMS 0x00000000e6100000| PB 0x00000000e6100000| Untracked 
| 354|0x00000000e6200000, 0x00000000e6300000, 0x00000000e6300000|100%| O|  |TAMS 0x00000000e6200000| PB 0x00000000e6200000| Untracked 
| 355|0x00000000e6300000, 0x00000000e6400000, 0x00000000e6400000|100%| O|  |TAMS 0x00000000e6300000| PB 0x00000000e6300000| Untracked 
| 356|0x00000000e6400000, 0x00000000e6500000, 0x00000000e6500000|100%| O|  |TAMS 0x00000000e6400000| PB 0x00000000e6400000| Untracked 
| 357|0x00000000e6500000, 0x00000000e6600000, 0x00000000e6600000|100%| O|  |TAMS 0x00000000e6500000| PB 0x00000000e6500000| Untracked 
| 358|0x00000000e6600000, 0x00000000e6700000, 0x00000000e6700000|100%| O|  |TAMS 0x00000000e6600000| PB 0x00000000e6600000| Untracked 
| 359|0x00000000e6700000, 0x00000000e6800000, 0x00000000e6800000|100%| O|  |TAMS 0x00000000e6700000| PB 0x00000000e6700000| Untracked 
| 360|0x00000000e6800000, 0x00000000e6900000, 0x00000000e6900000|100%| O|  |TAMS 0x00000000e6800000| PB 0x00000000e6800000| Untracked 
| 361|0x00000000e6900000, 0x00000000e6a00000, 0x00000000e6a00000|100%| O|  |TAMS 0x00000000e6900000| PB 0x00000000e6900000| Untracked 
| 362|0x00000000e6a00000, 0x00000000e6b00000, 0x00000000e6b00000|100%| O|  |TAMS 0x00000000e6a00000| PB 0x00000000e6a00000| Untracked 
| 363|0x00000000e6b00000, 0x00000000e6c00000, 0x00000000e6c00000|100%| O|  |TAMS 0x00000000e6b00000| PB 0x00000000e6b00000| Untracked 
| 364|0x00000000e6c00000, 0x00000000e6d00000, 0x00000000e6d00000|100%| O|  |TAMS 0x00000000e6c00000| PB 0x00000000e6c00000| Untracked 
| 365|0x00000000e6d00000, 0x00000000e6e00000, 0x00000000e6e00000|100%| O|  |TAMS 0x00000000e6d00000| PB 0x00000000e6d00000| Untracked 
| 366|0x00000000e6e00000, 0x00000000e6f00000, 0x00000000e6f00000|100%| O|  |TAMS 0x00000000e6e00000| PB 0x00000000e6e00000| Untracked 
| 367|0x00000000e6f00000, 0x00000000e7000000, 0x00000000e7000000|100%| O|  |TAMS 0x00000000e6f00000| PB 0x00000000e6f00000| Untracked 
| 368|0x00000000e7000000, 0x00000000e7100000, 0x00000000e7100000|100%| O|  |TAMS 0x00000000e7000000| PB 0x00000000e7000000| Untracked 
| 369|0x00000000e7100000, 0x00000000e7200000, 0x00000000e7200000|100%| O|  |TAMS 0x00000000e7100000| PB 0x00000000e7100000| Untracked 
| 370|0x00000000e7200000, 0x00000000e7300000, 0x00000000e7300000|100%| O|  |TAMS 0x00000000e7200000| PB 0x00000000e7200000| Untracked 
| 371|0x00000000e7300000, 0x00000000e7400000, 0x00000000e7400000|100%| O|  |TAMS 0x00000000e7300000| PB 0x00000000e7300000| Untracked 
| 372|0x00000000e7400000, 0x00000000e7500000, 0x00000000e7500000|100%| O|  |TAMS 0x00000000e7400000| PB 0x00000000e7400000| Untracked 
| 373|0x00000000e7500000, 0x00000000e7600000, 0x00000000e7600000|100%| O|  |TAMS 0x00000000e7500000| PB 0x00000000e7500000| Untracked 
| 374|0x00000000e7600000, 0x00000000e7700000, 0x00000000e7700000|100%| O|  |TAMS 0x00000000e7600000| PB 0x00000000e7600000| Untracked 
| 375|0x00000000e7700000, 0x00000000e7800000, 0x00000000e7800000|100%| O|  |TAMS 0x00000000e7700000| PB 0x00000000e7700000| Untracked 
| 376|0x00000000e7800000, 0x00000000e7900000, 0x00000000e7900000|100%| O|  |TAMS 0x00000000e7800000| PB 0x00000000e7800000| Untracked 
| 377|0x00000000e7900000, 0x00000000e7a00000, 0x00000000e7a00000|100%| O|  |TAMS 0x00000000e7900000| PB 0x00000000e7900000| Untracked 
| 378|0x00000000e7a00000, 0x00000000e7b00000, 0x00000000e7b00000|100%| O|  |TAMS 0x00000000e7a00000| PB 0x00000000e7a00000| Untracked 
| 379|0x00000000e7b00000, 0x00000000e7c00000, 0x00000000e7c00000|100%| O|  |TAMS 0x00000000e7b00000| PB 0x00000000e7b00000| Untracked 
| 380|0x00000000e7c00000, 0x00000000e7d00000, 0x00000000e7d00000|100%| O|  |TAMS 0x00000000e7c00000| PB 0x00000000e7c00000| Untracked 
| 381|0x00000000e7d00000, 0x00000000e7e00000, 0x00000000e7e00000|100%| O|  |TAMS 0x00000000e7d00000| PB 0x00000000e7d00000| Untracked 
| 382|0x00000000e7e00000, 0x00000000e7f00000, 0x00000000e7f00000|100%| O|  |TAMS 0x00000000e7e00000| PB 0x00000000e7e00000| Untracked 
| 383|0x00000000e7f00000, 0x00000000e8000000, 0x00000000e8000000|100%| O|  |TAMS 0x00000000e7f00000| PB 0x00000000e7f00000| Untracked 
| 384|0x00000000e8000000, 0x00000000e8100000, 0x00000000e8100000|100%| O|  |TAMS 0x00000000e8000000| PB 0x00000000e8000000| Untracked 
| 385|0x00000000e8100000, 0x00000000e8200000, 0x00000000e8200000|100%| O|  |TAMS 0x00000000e8100000| PB 0x00000000e8100000| Untracked 
| 386|0x00000000e8200000, 0x00000000e8300000, 0x00000000e8300000|100%| O|  |TAMS 0x00000000e8200000| PB 0x00000000e8200000| Untracked 
| 387|0x00000000e8300000, 0x00000000e8400000, 0x00000000e8400000|100%| O|  |TAMS 0x00000000e8300000| PB 0x00000000e8300000| Untracked 
| 388|0x00000000e8400000, 0x00000000e8500000, 0x00000000e8500000|100%| O|  |TAMS 0x00000000e8400000| PB 0x00000000e8400000| Untracked 
| 389|0x00000000e8500000, 0x00000000e856f6b0, 0x00000000e8600000| 43%| O|  |TAMS 0x00000000e8500000| PB 0x00000000e8500000| Untracked 
| 390|0x00000000e8600000, 0x00000000e8600000, 0x00000000e8700000|  0%| F|  |TAMS 0x00000000e8600000| PB 0x00000000e8600000| Untracked 
| 391|0x00000000e8700000, 0x00000000e8700000, 0x00000000e8800000|  0%| F|  |TAMS 0x00000000e8700000| PB 0x00000000e8700000| Untracked 
| 392|0x00000000e8800000, 0x00000000e8800000, 0x00000000e8900000|  0%| F|  |TAMS 0x00000000e8800000| PB 0x00000000e8800000| Untracked 
| 393|0x00000000e8900000, 0x00000000e8900000, 0x00000000e8a00000|  0%| F|  |TAMS 0x00000000e8900000| PB 0x00000000e8900000| Untracked 
| 394|0x00000000e8a00000, 0x00000000e8a00000, 0x00000000e8b00000|  0%| F|  |TAMS 0x00000000e8a00000| PB 0x00000000e8a00000| Untracked 
| 395|0x00000000e8b00000, 0x00000000e8b00000, 0x00000000e8c00000|  0%| F|  |TAMS 0x00000000e8b00000| PB 0x00000000e8b00000| Untracked 
| 396|0x00000000e8c00000, 0x00000000e8c00000, 0x00000000e8d00000|  0%| F|  |TAMS 0x00000000e8c00000| PB 0x00000000e8c00000| Untracked 
| 397|0x00000000e8d00000, 0x00000000e8d00000, 0x00000000e8e00000|  0%| F|  |TAMS 0x00000000e8d00000| PB 0x00000000e8d00000| Untracked 
| 398|0x00000000e8e00000, 0x00000000e8e00000, 0x00000000e8f00000|  0%| F|  |TAMS 0x00000000e8e00000| PB 0x00000000e8e00000| Untracked 
| 399|0x00000000e8f00000, 0x00000000e8f00000, 0x00000000e9000000|  0%| F|  |TAMS 0x00000000e8f00000| PB 0x00000000e8f00000| Untracked 
| 400|0x00000000e9000000, 0x00000000e9000000, 0x00000000e9100000|  0%| F|  |TAMS 0x00000000e9000000| PB 0x00000000e9000000| Untracked 
| 401|0x00000000e9100000, 0x00000000e9100000, 0x00000000e9200000|  0%| F|  |TAMS 0x00000000e9100000| PB 0x00000000e9100000| Untracked 
| 402|0x00000000e9200000, 0x00000000e9200000, 0x00000000e9300000|  0%| F|  |TAMS 0x00000000e9200000| PB 0x00000000e9200000| Untracked 
| 403|0x00000000e9300000, 0x00000000e9300000, 0x00000000e9400000|  0%| F|  |TAMS 0x00000000e9300000| PB 0x00000000e9300000| Untracked 
| 404|0x00000000e9400000, 0x00000000e9400000, 0x00000000e9500000|  0%| F|  |TAMS 0x00000000e9400000| PB 0x00000000e9400000| Untracked 
| 405|0x00000000e9500000, 0x00000000e9500000, 0x00000000e9600000|  0%| F|  |TAMS 0x00000000e9500000| PB 0x00000000e9500000| Untracked 
| 406|0x00000000e9600000, 0x00000000e9600000, 0x00000000e9700000|  0%| F|  |TAMS 0x00000000e9600000| PB 0x00000000e9600000| Untracked 
| 407|0x00000000e9700000, 0x00000000e9700000, 0x00000000e9800000|  0%| F|  |TAMS 0x00000000e9700000| PB 0x00000000e9700000| Untracked 
| 408|0x00000000e9800000, 0x00000000e9800000, 0x00000000e9900000|  0%| F|  |TAMS 0x00000000e9800000| PB 0x00000000e9800000| Untracked 
| 409|0x00000000e9900000, 0x00000000e9900000, 0x00000000e9a00000|  0%| F|  |TAMS 0x00000000e9900000| PB 0x00000000e9900000| Untracked 
| 410|0x00000000e9a00000, 0x00000000e9a00000, 0x00000000e9b00000|  0%| F|  |TAMS 0x00000000e9a00000| PB 0x00000000e9a00000| Untracked 
| 411|0x00000000e9b00000, 0x00000000e9b00000, 0x00000000e9c00000|  0%| F|  |TAMS 0x00000000e9b00000| PB 0x00000000e9b00000| Untracked 
| 412|0x00000000e9c00000, 0x00000000e9c00000, 0x00000000e9d00000|  0%| F|  |TAMS 0x00000000e9c00000| PB 0x00000000e9c00000| Untracked 
| 413|0x00000000e9d00000, 0x00000000e9d00000, 0x00000000e9e00000|  0%| F|  |TAMS 0x00000000e9d00000| PB 0x00000000e9d00000| Untracked 
| 414|0x00000000e9e00000, 0x00000000e9e00000, 0x00000000e9f00000|  0%| F|  |TAMS 0x00000000e9e00000| PB 0x00000000e9e00000| Untracked 
| 415|0x00000000e9f00000, 0x00000000e9f00000, 0x00000000ea000000|  0%| F|  |TAMS 0x00000000e9f00000| PB 0x00000000e9f00000| Untracked 
| 416|0x00000000ea000000, 0x00000000ea000000, 0x00000000ea100000|  0%| F|  |TAMS 0x00000000ea000000| PB 0x00000000ea000000| Untracked 
| 417|0x00000000ea100000, 0x00000000ea100000, 0x00000000ea200000|  0%| F|  |TAMS 0x00000000ea100000| PB 0x00000000ea100000| Untracked 
| 418|0x00000000ea200000, 0x00000000ea200000, 0x00000000ea300000|  0%| F|  |TAMS 0x00000000ea200000| PB 0x00000000ea200000| Untracked 
| 419|0x00000000ea300000, 0x00000000ea300000, 0x00000000ea400000|  0%| F|  |TAMS 0x00000000ea300000| PB 0x00000000ea300000| Untracked 
| 420|0x00000000ea400000, 0x00000000ea400000, 0x00000000ea500000|  0%| F|  |TAMS 0x00000000ea400000| PB 0x00000000ea400000| Untracked 
| 421|0x00000000ea500000, 0x00000000ea500000, 0x00000000ea600000|  0%| F|  |TAMS 0x00000000ea500000| PB 0x00000000ea500000| Untracked 
| 422|0x00000000ea600000, 0x00000000ea600000, 0x00000000ea700000|  0%| F|  |TAMS 0x00000000ea600000| PB 0x00000000ea600000| Untracked 
| 423|0x00000000ea700000, 0x00000000ea700000, 0x00000000ea800000|  0%| F|  |TAMS 0x00000000ea700000| PB 0x00000000ea700000| Untracked 
| 424|0x00000000ea800000, 0x00000000ea8597d0, 0x00000000ea900000| 34%| S|CS|TAMS 0x00000000ea800000| PB 0x00000000ea800000| Complete 
| 425|0x00000000ea900000, 0x00000000eaa00000, 0x00000000eaa00000|100%| S|CS|TAMS 0x00000000ea900000| PB 0x00000000ea900000| Complete 
| 426|0x00000000eaa00000, 0x00000000eab00000, 0x00000000eab00000|100%| S|CS|TAMS 0x00000000eaa00000| PB 0x00000000eaa00000| Complete 
| 427|0x00000000eab00000, 0x00000000eac00000, 0x00000000eac00000|100%| S|CS|TAMS 0x00000000eab00000| PB 0x00000000eab00000| Complete 
| 428|0x00000000eac00000, 0x00000000ead00000, 0x00000000ead00000|100%| S|CS|TAMS 0x00000000eac00000| PB 0x00000000eac00000| Complete 
| 429|0x00000000ead00000, 0x00000000eae00000, 0x00000000eae00000|100%| S|CS|TAMS 0x00000000ead00000| PB 0x00000000ead00000| Complete 
| 430|0x00000000eae00000, 0x00000000eaf00000, 0x00000000eaf00000|100%| S|CS|TAMS 0x00000000eae00000| PB 0x00000000eae00000| Complete 
| 431|0x00000000eaf00000, 0x00000000eb000000, 0x00000000eb000000|100%| S|CS|TAMS 0x00000000eaf00000| PB 0x00000000eaf00000| Complete 
| 432|0x00000000eb000000, 0x00000000eb100000, 0x00000000eb100000|100%| S|CS|TAMS 0x00000000eb000000| PB 0x00000000eb000000| Complete 
| 433|0x00000000eb100000, 0x00000000eb200000, 0x00000000eb200000|100%| S|CS|TAMS 0x00000000eb100000| PB 0x00000000eb100000| Complete 
| 434|0x00000000eb200000, 0x00000000eb300000, 0x00000000eb300000|100%| S|CS|TAMS 0x00000000eb200000| PB 0x00000000eb200000| Complete 
| 435|0x00000000eb300000, 0x00000000eb400000, 0x00000000eb400000|100%| S|CS|TAMS 0x00000000eb300000| PB 0x00000000eb300000| Complete 
| 436|0x00000000eb400000, 0x00000000eb400000, 0x00000000eb500000|  0%| F|  |TAMS 0x00000000eb400000| PB 0x00000000eb400000| Untracked 
| 437|0x00000000eb500000, 0x00000000eb500000, 0x00000000eb600000|  0%| F|  |TAMS 0x00000000eb500000| PB 0x00000000eb500000| Untracked 
| 438|0x00000000eb600000, 0x00000000eb600000, 0x00000000eb700000|  0%| F|  |TAMS 0x00000000eb600000| PB 0x00000000eb600000| Untracked 
| 439|0x00000000eb700000, 0x00000000eb700000, 0x00000000eb800000|  0%| F|  |TAMS 0x00000000eb700000| PB 0x00000000eb700000| Untracked 
| 440|0x00000000eb800000, 0x00000000eb800000, 0x00000000eb900000|  0%| F|  |TAMS 0x00000000eb800000| PB 0x00000000eb800000| Untracked 
| 441|0x00000000eb900000, 0x00000000eb900000, 0x00000000eba00000|  0%| F|  |TAMS 0x00000000eb900000| PB 0x00000000eb900000| Untracked 
| 442|0x00000000eba00000, 0x00000000eba00000, 0x00000000ebb00000|  0%| F|  |TAMS 0x00000000eba00000| PB 0x00000000eba00000| Untracked 
| 443|0x00000000ebb00000, 0x00000000ebb00000, 0x00000000ebc00000|  0%| F|  |TAMS 0x00000000ebb00000| PB 0x00000000ebb00000| Untracked 
| 444|0x00000000ebc00000, 0x00000000ebc00000, 0x00000000ebd00000|  0%| F|  |TAMS 0x00000000ebc00000| PB 0x00000000ebc00000| Untracked 
| 445|0x00000000ebd00000, 0x00000000ebd00000, 0x00000000ebe00000|  0%| F|  |TAMS 0x00000000ebd00000| PB 0x00000000ebd00000| Untracked 
| 446|0x00000000ebe00000, 0x00000000ebe00000, 0x00000000ebf00000|  0%| F|  |TAMS 0x00000000ebe00000| PB 0x00000000ebe00000| Untracked 
| 447|0x00000000ebf00000, 0x00000000ebf00000, 0x00000000ec000000|  0%| F|  |TAMS 0x00000000ebf00000| PB 0x00000000ebf00000| Untracked 
| 448|0x00000000ec000000, 0x00000000ec000000, 0x00000000ec100000|  0%| F|  |TAMS 0x00000000ec000000| PB 0x00000000ec000000| Untracked 
| 449|0x00000000ec100000, 0x00000000ec100000, 0x00000000ec200000|  0%| F|  |TAMS 0x00000000ec100000| PB 0x00000000ec100000| Untracked 
| 450|0x00000000ec200000, 0x00000000ec200000, 0x00000000ec300000|  0%| F|  |TAMS 0x00000000ec200000| PB 0x00000000ec200000| Untracked 
| 451|0x00000000ec300000, 0x00000000ec300000, 0x00000000ec400000|  0%| F|  |TAMS 0x00000000ec300000| PB 0x00000000ec300000| Untracked 
| 452|0x00000000ec400000, 0x00000000ec400000, 0x00000000ec500000|  0%| F|  |TAMS 0x00000000ec400000| PB 0x00000000ec400000| Untracked 
| 453|0x00000000ec500000, 0x00000000ec500000, 0x00000000ec600000|  0%| F|  |TAMS 0x00000000ec500000| PB 0x00000000ec500000| Untracked 
| 454|0x00000000ec600000, 0x00000000ec600000, 0x00000000ec700000|  0%| F|  |TAMS 0x00000000ec600000| PB 0x00000000ec600000| Untracked 
| 455|0x00000000ec700000, 0x00000000ec700000, 0x00000000ec800000|  0%| F|  |TAMS 0x00000000ec700000| PB 0x00000000ec700000| Untracked 
| 456|0x00000000ec800000, 0x00000000ec800000, 0x00000000ec900000|  0%| F|  |TAMS 0x00000000ec800000| PB 0x00000000ec800000| Untracked 
| 457|0x00000000ec900000, 0x00000000ec900000, 0x00000000eca00000|  0%| F|  |TAMS 0x00000000ec900000| PB 0x00000000ec900000| Untracked 
| 458|0x00000000eca00000, 0x00000000eca00000, 0x00000000ecb00000|  0%| F|  |TAMS 0x00000000eca00000| PB 0x00000000eca00000| Untracked 
| 459|0x00000000ecb00000, 0x00000000ecb00000, 0x00000000ecc00000|  0%| F|  |TAMS 0x00000000ecb00000| PB 0x00000000ecb00000| Untracked 
| 460|0x00000000ecc00000, 0x00000000ecc00000, 0x00000000ecd00000|  0%| F|  |TAMS 0x00000000ecc00000| PB 0x00000000ecc00000| Untracked 
| 461|0x00000000ecd00000, 0x00000000ecd00000, 0x00000000ece00000|  0%| F|  |TAMS 0x00000000ecd00000| PB 0x00000000ecd00000| Untracked 
| 462|0x00000000ece00000, 0x00000000ece00000, 0x00000000ecf00000|  0%| F|  |TAMS 0x00000000ece00000| PB 0x00000000ece00000| Untracked 
| 463|0x00000000ecf00000, 0x00000000ecf00000, 0x00000000ed000000|  0%| F|  |TAMS 0x00000000ecf00000| PB 0x00000000ecf00000| Untracked 
| 464|0x00000000ed000000, 0x00000000ed000000, 0x00000000ed100000|  0%| F|  |TAMS 0x00000000ed000000| PB 0x00000000ed000000| Untracked 
| 465|0x00000000ed100000, 0x00000000ed100000, 0x00000000ed200000|  0%| F|  |TAMS 0x00000000ed100000| PB 0x00000000ed100000| Untracked 
| 466|0x00000000ed200000, 0x00000000ed200000, 0x00000000ed300000|  0%| F|  |TAMS 0x00000000ed200000| PB 0x00000000ed200000| Untracked 
| 467|0x00000000ed300000, 0x00000000ed300000, 0x00000000ed400000|  0%| F|  |TAMS 0x00000000ed300000| PB 0x00000000ed300000| Untracked 
| 468|0x00000000ed400000, 0x00000000ed400000, 0x00000000ed500000|  0%| F|  |TAMS 0x00000000ed400000| PB 0x00000000ed400000| Untracked 
| 469|0x00000000ed500000, 0x00000000ed500000, 0x00000000ed600000|  0%| F|  |TAMS 0x00000000ed500000| PB 0x00000000ed500000| Untracked 
| 470|0x00000000ed600000, 0x00000000ed600000, 0x00000000ed700000|  0%| F|  |TAMS 0x00000000ed600000| PB 0x00000000ed600000| Untracked 
| 471|0x00000000ed700000, 0x00000000ed700000, 0x00000000ed800000|  0%| F|  |TAMS 0x00000000ed700000| PB 0x00000000ed700000| Untracked 
| 472|0x00000000ed800000, 0x00000000ed800000, 0x00000000ed900000|  0%| F|  |TAMS 0x00000000ed800000| PB 0x00000000ed800000| Untracked 
| 473|0x00000000ed900000, 0x00000000ed900000, 0x00000000eda00000|  0%| F|  |TAMS 0x00000000ed900000| PB 0x00000000ed900000| Untracked 
| 474|0x00000000eda00000, 0x00000000eda00000, 0x00000000edb00000|  0%| F|  |TAMS 0x00000000eda00000| PB 0x00000000eda00000| Untracked 
| 475|0x00000000edb00000, 0x00000000edb00000, 0x00000000edc00000|  0%| F|  |TAMS 0x00000000edb00000| PB 0x00000000edb00000| Untracked 
| 476|0x00000000edc00000, 0x00000000edc00000, 0x00000000edd00000|  0%| F|  |TAMS 0x00000000edc00000| PB 0x00000000edc00000| Untracked 
| 477|0x00000000edd00000, 0x00000000edd00000, 0x00000000ede00000|  0%| F|  |TAMS 0x00000000edd00000| PB 0x00000000edd00000| Untracked 
| 478|0x00000000ede00000, 0x00000000ede00000, 0x00000000edf00000|  0%| F|  |TAMS 0x00000000ede00000| PB 0x00000000ede00000| Untracked 
| 479|0x00000000edf00000, 0x00000000edf00000, 0x00000000ee000000|  0%| F|  |TAMS 0x00000000edf00000| PB 0x00000000edf00000| Untracked 
| 480|0x00000000ee000000, 0x00000000ee000000, 0x00000000ee100000|  0%| F|  |TAMS 0x00000000ee000000| PB 0x00000000ee000000| Untracked 
| 481|0x00000000ee100000, 0x00000000ee100000, 0x00000000ee200000|  0%| F|  |TAMS 0x00000000ee100000| PB 0x00000000ee100000| Untracked 
| 482|0x00000000ee200000, 0x00000000ee200000, 0x00000000ee300000|  0%| F|  |TAMS 0x00000000ee200000| PB 0x00000000ee200000| Untracked 
| 483|0x00000000ee300000, 0x00000000ee300000, 0x00000000ee400000|  0%| F|  |TAMS 0x00000000ee300000| PB 0x00000000ee300000| Untracked 
| 484|0x00000000ee400000, 0x00000000ee400000, 0x00000000ee500000|  0%| F|  |TAMS 0x00000000ee400000| PB 0x00000000ee400000| Untracked 
| 485|0x00000000ee500000, 0x00000000ee500000, 0x00000000ee600000|  0%| F|  |TAMS 0x00000000ee500000| PB 0x00000000ee500000| Untracked 
| 486|0x00000000ee600000, 0x00000000ee600000, 0x00000000ee700000|  0%| F|  |TAMS 0x00000000ee600000| PB 0x00000000ee600000| Untracked 
| 487|0x00000000ee700000, 0x00000000ee700000, 0x00000000ee800000|  0%| F|  |TAMS 0x00000000ee700000| PB 0x00000000ee700000| Untracked 
| 488|0x00000000ee800000, 0x00000000ee800000, 0x00000000ee900000|  0%| F|  |TAMS 0x00000000ee800000| PB 0x00000000ee800000| Untracked 
| 489|0x00000000ee900000, 0x00000000ee900000, 0x00000000eea00000|  0%| F|  |TAMS 0x00000000ee900000| PB 0x00000000ee900000| Untracked 
| 490|0x00000000eea00000, 0x00000000eea00000, 0x00000000eeb00000|  0%| F|  |TAMS 0x00000000eea00000| PB 0x00000000eea00000| Untracked 
| 491|0x00000000eeb00000, 0x00000000eeb00000, 0x00000000eec00000|  0%| F|  |TAMS 0x00000000eeb00000| PB 0x00000000eeb00000| Untracked 
| 492|0x00000000eec00000, 0x00000000eec00000, 0x00000000eed00000|  0%| F|  |TAMS 0x00000000eec00000| PB 0x00000000eec00000| Untracked 
| 493|0x00000000eed00000, 0x00000000eed00000, 0x00000000eee00000|  0%| F|  |TAMS 0x00000000eed00000| PB 0x00000000eed00000| Untracked 
| 494|0x00000000eee00000, 0x00000000eee00000, 0x00000000eef00000|  0%| F|  |TAMS 0x00000000eee00000| PB 0x00000000eee00000| Untracked 
| 495|0x00000000eef00000, 0x00000000eef00000, 0x00000000ef000000|  0%| F|  |TAMS 0x00000000eef00000| PB 0x00000000eef00000| Untracked 
| 496|0x00000000ef000000, 0x00000000ef000000, 0x00000000ef100000|  0%| F|  |TAMS 0x00000000ef000000| PB 0x00000000ef000000| Untracked 
| 497|0x00000000ef100000, 0x00000000ef100000, 0x00000000ef200000|  0%| F|  |TAMS 0x00000000ef100000| PB 0x00000000ef100000| Untracked 
| 498|0x00000000ef200000, 0x00000000ef200000, 0x00000000ef300000|  0%| F|  |TAMS 0x00000000ef200000| PB 0x00000000ef200000| Untracked 
| 499|0x00000000ef300000, 0x00000000ef300000, 0x00000000ef400000|  0%| F|  |TAMS 0x00000000ef300000| PB 0x00000000ef300000| Untracked 
| 500|0x00000000ef400000, 0x00000000ef400000, 0x00000000ef500000|  0%| F|  |TAMS 0x00000000ef400000| PB 0x00000000ef400000| Untracked 
| 501|0x00000000ef500000, 0x00000000ef500000, 0x00000000ef600000|  0%| F|  |TAMS 0x00000000ef500000| PB 0x00000000ef500000| Untracked 
| 502|0x00000000ef600000, 0x00000000ef600000, 0x00000000ef700000|  0%| F|  |TAMS 0x00000000ef600000| PB 0x00000000ef600000| Untracked 
| 503|0x00000000ef700000, 0x00000000ef780000, 0x00000000ef800000| 50%| E|  |TAMS 0x00000000ef700000| PB 0x00000000ef700000| Complete 
| 504|0x00000000ef800000, 0x00000000ef900000, 0x00000000ef900000|100%| E|CS|TAMS 0x00000000ef800000| PB 0x00000000ef800000| Complete 
| 505|0x00000000ef900000, 0x00000000efa00000, 0x00000000efa00000|100%| E|CS|TAMS 0x00000000ef900000| PB 0x00000000ef900000| Complete 
| 506|0x00000000efa00000, 0x00000000efb00000, 0x00000000efb00000|100%| E|CS|TAMS 0x00000000efa00000| PB 0x00000000efa00000| Complete 
| 507|0x00000000efb00000, 0x00000000efc00000, 0x00000000efc00000|100%| E|CS|TAMS 0x00000000efb00000| PB 0x00000000efb00000| Complete 
| 508|0x00000000efc00000, 0x00000000efd00000, 0x00000000efd00000|100%| E|CS|TAMS 0x00000000efc00000| PB 0x00000000efc00000| Complete 
| 509|0x00000000efd00000, 0x00000000efe00000, 0x00000000efe00000|100%| E|CS|TAMS 0x00000000efd00000| PB 0x00000000efd00000| Complete 
| 510|0x00000000efe00000, 0x00000000eff00000, 0x00000000eff00000|100%| E|CS|TAMS 0x00000000efe00000| PB 0x00000000efe00000| Complete 
| 511|0x00000000eff00000, 0x00000000f0000000, 0x00000000f0000000|100%| E|CS|TAMS 0x00000000eff00000| PB 0x00000000eff00000| Complete 
| 512|0x00000000f0000000, 0x00000000f0100000, 0x00000000f0100000|100%| E|CS|TAMS 0x00000000f0000000| PB 0x00000000f0000000| Complete 
| 513|0x00000000f0100000, 0x00000000f0200000, 0x00000000f0200000|100%| E|CS|TAMS 0x00000000f0100000| PB 0x00000000f0100000| Complete 
| 514|0x00000000f0200000, 0x00000000f0300000, 0x00000000f0300000|100%| E|CS|TAMS 0x00000000f0200000| PB 0x00000000f0200000| Complete 
| 515|0x00000000f0300000, 0x00000000f0400000, 0x00000000f0400000|100%| E|CS|TAMS 0x00000000f0300000| PB 0x00000000f0300000| Complete 
| 516|0x00000000f0400000, 0x00000000f0500000, 0x00000000f0500000|100%| E|CS|TAMS 0x00000000f0400000| PB 0x00000000f0400000| Complete 
| 517|0x00000000f0500000, 0x00000000f0600000, 0x00000000f0600000|100%| E|CS|TAMS 0x00000000f0500000| PB 0x00000000f0500000| Complete 
| 518|0x00000000f0600000, 0x00000000f0700000, 0x00000000f0700000|100%| E|CS|TAMS 0x00000000f0600000| PB 0x00000000f0600000| Complete 
| 519|0x00000000f0700000, 0x00000000f0800000, 0x00000000f0800000|100%| E|CS|TAMS 0x00000000f0700000| PB 0x00000000f0700000| Complete 
| 520|0x00000000f0800000, 0x00000000f0900000, 0x00000000f0900000|100%| E|CS|TAMS 0x00000000f0800000| PB 0x00000000f0800000| Complete 
| 521|0x00000000f0900000, 0x00000000f0a00000, 0x00000000f0a00000|100%| E|CS|TAMS 0x00000000f0900000| PB 0x00000000f0900000| Complete 
| 522|0x00000000f0a00000, 0x00000000f0b00000, 0x00000000f0b00000|100%| E|CS|TAMS 0x00000000f0a00000| PB 0x00000000f0a00000| Complete 
| 523|0x00000000f0b00000, 0x00000000f0c00000, 0x00000000f0c00000|100%| E|CS|TAMS 0x00000000f0b00000| PB 0x00000000f0b00000| Complete 
| 524|0x00000000f0c00000, 0x00000000f0d00000, 0x00000000f0d00000|100%| E|CS|TAMS 0x00000000f0c00000| PB 0x00000000f0c00000| Complete 
| 525|0x00000000f0d00000, 0x00000000f0e00000, 0x00000000f0e00000|100%| E|CS|TAMS 0x00000000f0d00000| PB 0x00000000f0d00000| Complete 
| 526|0x00000000f0e00000, 0x00000000f0f00000, 0x00000000f0f00000|100%| E|CS|TAMS 0x00000000f0e00000| PB 0x00000000f0e00000| Complete 
| 527|0x00000000f0f00000, 0x00000000f1000000, 0x00000000f1000000|100%| E|CS|TAMS 0x00000000f0f00000| PB 0x00000000f0f00000| Complete 
| 528|0x00000000f1000000, 0x00000000f1100000, 0x00000000f1100000|100%| E|CS|TAMS 0x00000000f1000000| PB 0x00000000f1000000| Complete 
| 529|0x00000000f1100000, 0x00000000f1200000, 0x00000000f1200000|100%| E|CS|TAMS 0x00000000f1100000| PB 0x00000000f1100000| Complete 
| 530|0x00000000f1200000, 0x00000000f1300000, 0x00000000f1300000|100%| E|CS|TAMS 0x00000000f1200000| PB 0x00000000f1200000| Complete 
| 531|0x00000000f1300000, 0x00000000f1400000, 0x00000000f1400000|100%| E|CS|TAMS 0x00000000f1300000| PB 0x00000000f1300000| Complete 
| 532|0x00000000f1400000, 0x00000000f1500000, 0x00000000f1500000|100%| E|CS|TAMS 0x00000000f1400000| PB 0x00000000f1400000| Complete 
| 533|0x00000000f1500000, 0x00000000f1600000, 0x00000000f1600000|100%| E|CS|TAMS 0x00000000f1500000| PB 0x00000000f1500000| Complete 
| 534|0x00000000f1600000, 0x00000000f1700000, 0x00000000f1700000|100%| E|CS|TAMS 0x00000000f1600000| PB 0x00000000f1600000| Complete 
| 535|0x00000000f1700000, 0x00000000f1800000, 0x00000000f1800000|100%| E|CS|TAMS 0x00000000f1700000| PB 0x00000000f1700000| Complete 
| 536|0x00000000f1800000, 0x00000000f1900000, 0x00000000f1900000|100%| E|CS|TAMS 0x00000000f1800000| PB 0x00000000f1800000| Complete 
| 537|0x00000000f1900000, 0x00000000f1a00000, 0x00000000f1a00000|100%| E|CS|TAMS 0x00000000f1900000| PB 0x00000000f1900000| Complete 
| 538|0x00000000f1a00000, 0x00000000f1b00000, 0x00000000f1b00000|100%| E|CS|TAMS 0x00000000f1a00000| PB 0x00000000f1a00000| Complete 
| 539|0x00000000f1b00000, 0x00000000f1c00000, 0x00000000f1c00000|100%| E|CS|TAMS 0x00000000f1b00000| PB 0x00000000f1b00000| Complete 
| 540|0x00000000f1c00000, 0x00000000f1d00000, 0x00000000f1d00000|100%| E|CS|TAMS 0x00000000f1c00000| PB 0x00000000f1c00000| Complete 
| 541|0x00000000f1d00000, 0x00000000f1e00000, 0x00000000f1e00000|100%| E|CS|TAMS 0x00000000f1d00000| PB 0x00000000f1d00000| Complete 
| 542|0x00000000f1e00000, 0x00000000f1f00000, 0x00000000f1f00000|100%| E|CS|TAMS 0x00000000f1e00000| PB 0x00000000f1e00000| Complete 
| 543|0x00000000f1f00000, 0x00000000f2000000, 0x00000000f2000000|100%| E|CS|TAMS 0x00000000f1f00000| PB 0x00000000f1f00000| Complete 
| 544|0x00000000f2000000, 0x00000000f2100000, 0x00000000f2100000|100%| E|CS|TAMS 0x00000000f2000000| PB 0x00000000f2000000| Complete 
| 545|0x00000000f2100000, 0x00000000f2200000, 0x00000000f2200000|100%| E|CS|TAMS 0x00000000f2100000| PB 0x00000000f2100000| Complete 
| 546|0x00000000f2200000, 0x00000000f2300000, 0x00000000f2300000|100%| E|CS|TAMS 0x00000000f2200000| PB 0x00000000f2200000| Complete 
| 547|0x00000000f2300000, 0x00000000f2400000, 0x00000000f2400000|100%| E|CS|TAMS 0x00000000f2300000| PB 0x00000000f2300000| Complete 
| 548|0x00000000f2400000, 0x00000000f2500000, 0x00000000f2500000|100%| E|CS|TAMS 0x00000000f2400000| PB 0x00000000f2400000| Complete 
| 549|0x00000000f2500000, 0x00000000f2600000, 0x00000000f2600000|100%| E|CS|TAMS 0x00000000f2500000| PB 0x00000000f2500000| Complete 
| 550|0x00000000f2600000, 0x00000000f2700000, 0x00000000f2700000|100%| E|CS|TAMS 0x00000000f2600000| PB 0x00000000f2600000| Complete 
| 551|0x00000000f2700000, 0x00000000f2800000, 0x00000000f2800000|100%| E|CS|TAMS 0x00000000f2700000| PB 0x00000000f2700000| Complete 
| 552|0x00000000f2800000, 0x00000000f2900000, 0x00000000f2900000|100%| E|CS|TAMS 0x00000000f2800000| PB 0x00000000f2800000| Complete 
| 553|0x00000000f2900000, 0x00000000f2a00000, 0x00000000f2a00000|100%| E|CS|TAMS 0x00000000f2900000| PB 0x00000000f2900000| Complete 
| 554|0x00000000f2a00000, 0x00000000f2b00000, 0x00000000f2b00000|100%| E|CS|TAMS 0x00000000f2a00000| PB 0x00000000f2a00000| Complete 
| 555|0x00000000f2b00000, 0x00000000f2c00000, 0x00000000f2c00000|100%| E|CS|TAMS 0x00000000f2b00000| PB 0x00000000f2b00000| Complete 
| 556|0x00000000f2c00000, 0x00000000f2d00000, 0x00000000f2d00000|100%| E|CS|TAMS 0x00000000f2c00000| PB 0x00000000f2c00000| Complete 
| 557|0x00000000f2d00000, 0x00000000f2e00000, 0x00000000f2e00000|100%| E|CS|TAMS 0x00000000f2d00000| PB 0x00000000f2d00000| Complete 
| 558|0x00000000f2e00000, 0x00000000f2f00000, 0x00000000f2f00000|100%| E|CS|TAMS 0x00000000f2e00000| PB 0x00000000f2e00000| Complete 
| 559|0x00000000f2f00000, 0x00000000f3000000, 0x00000000f3000000|100%| E|CS|TAMS 0x00000000f2f00000| PB 0x00000000f2f00000| Complete 
| 560|0x00000000f3000000, 0x00000000f3100000, 0x00000000f3100000|100%| E|CS|TAMS 0x00000000f3000000| PB 0x00000000f3000000| Complete 
| 561|0x00000000f3100000, 0x00000000f3200000, 0x00000000f3200000|100%| E|CS|TAMS 0x00000000f3100000| PB 0x00000000f3100000| Complete 
| 562|0x00000000f3200000, 0x00000000f3300000, 0x00000000f3300000|100%| E|CS|TAMS 0x00000000f3200000| PB 0x00000000f3200000| Complete 
| 563|0x00000000f3300000, 0x00000000f3400000, 0x00000000f3400000|100%| E|CS|TAMS 0x00000000f3300000| PB 0x00000000f3300000| Complete 
| 564|0x00000000f3400000, 0x00000000f3500000, 0x00000000f3500000|100%| E|CS|TAMS 0x00000000f3400000| PB 0x00000000f3400000| Complete 
| 565|0x00000000f3500000, 0x00000000f3600000, 0x00000000f3600000|100%| E|CS|TAMS 0x00000000f3500000| PB 0x00000000f3500000| Complete 
| 566|0x00000000f3600000, 0x00000000f3700000, 0x00000000f3700000|100%| E|CS|TAMS 0x00000000f3600000| PB 0x00000000f3600000| Complete 
| 567|0x00000000f3700000, 0x00000000f3800000, 0x00000000f3800000|100%| E|CS|TAMS 0x00000000f3700000| PB 0x00000000f3700000| Complete 
| 568|0x00000000f3800000, 0x00000000f3900000, 0x00000000f3900000|100%| E|CS|TAMS 0x00000000f3800000| PB 0x00000000f3800000| Complete 
| 569|0x00000000f3900000, 0x00000000f3a00000, 0x00000000f3a00000|100%| E|CS|TAMS 0x00000000f3900000| PB 0x00000000f3900000| Complete 
| 570|0x00000000f3a00000, 0x00000000f3b00000, 0x00000000f3b00000|100%| E|CS|TAMS 0x00000000f3a00000| PB 0x00000000f3a00000| Complete 
| 571|0x00000000f3b00000, 0x00000000f3c00000, 0x00000000f3c00000|100%| E|CS|TAMS 0x00000000f3b00000| PB 0x00000000f3b00000| Complete 
| 572|0x00000000f3c00000, 0x00000000f3d00000, 0x00000000f3d00000|100%| E|CS|TAMS 0x00000000f3c00000| PB 0x00000000f3c00000| Complete 
| 573|0x00000000f3d00000, 0x00000000f3e00000, 0x00000000f3e00000|100%| E|CS|TAMS 0x00000000f3d00000| PB 0x00000000f3d00000| Complete 
| 574|0x00000000f3e00000, 0x00000000f3f00000, 0x00000000f3f00000|100%| E|CS|TAMS 0x00000000f3e00000| PB 0x00000000f3e00000| Complete 
| 575|0x00000000f3f00000, 0x00000000f4000000, 0x00000000f4000000|100%| E|CS|TAMS 0x00000000f3f00000| PB 0x00000000f3f00000| Complete 
| 576|0x00000000f4000000, 0x00000000f4100000, 0x00000000f4100000|100%| E|CS|TAMS 0x00000000f4000000| PB 0x00000000f4000000| Complete 
| 577|0x00000000f4100000, 0x00000000f4200000, 0x00000000f4200000|100%| E|CS|TAMS 0x00000000f4100000| PB 0x00000000f4100000| Complete 
| 578|0x00000000f4200000, 0x00000000f4300000, 0x00000000f4300000|100%| E|CS|TAMS 0x00000000f4200000| PB 0x00000000f4200000| Complete 
| 579|0x00000000f4300000, 0x00000000f4400000, 0x00000000f4400000|100%| E|CS|TAMS 0x00000000f4300000| PB 0x00000000f4300000| Complete 
| 580|0x00000000f4400000, 0x00000000f4500000, 0x00000000f4500000|100%| E|CS|TAMS 0x00000000f4400000| PB 0x00000000f4400000| Complete 
| 581|0x00000000f4500000, 0x00000000f4600000, 0x00000000f4600000|100%| E|CS|TAMS 0x00000000f4500000| PB 0x00000000f4500000| Complete 
| 582|0x00000000f4600000, 0x00000000f4700000, 0x00000000f4700000|100%| E|CS|TAMS 0x00000000f4600000| PB 0x00000000f4600000| Complete 
| 583|0x00000000f4700000, 0x00000000f4800000, 0x00000000f4800000|100%| E|CS|TAMS 0x00000000f4700000| PB 0x00000000f4700000| Complete 
| 584|0x00000000f4800000, 0x00000000f4900000, 0x00000000f4900000|100%| E|CS|TAMS 0x00000000f4800000| PB 0x00000000f4800000| Complete 
| 585|0x00000000f4900000, 0x00000000f4a00000, 0x00000000f4a00000|100%| E|CS|TAMS 0x00000000f4900000| PB 0x00000000f4900000| Complete 
| 586|0x00000000f4a00000, 0x00000000f4b00000, 0x00000000f4b00000|100%| E|CS|TAMS 0x00000000f4a00000| PB 0x00000000f4a00000| Complete 
| 587|0x00000000f4b00000, 0x00000000f4c00000, 0x00000000f4c00000|100%| E|CS|TAMS 0x00000000f4b00000| PB 0x00000000f4b00000| Complete 
| 588|0x00000000f4c00000, 0x00000000f4d00000, 0x00000000f4d00000|100%| E|CS|TAMS 0x00000000f4c00000| PB 0x00000000f4c00000| Complete 
| 589|0x00000000f4d00000, 0x00000000f4e00000, 0x00000000f4e00000|100%| E|CS|TAMS 0x00000000f4d00000| PB 0x00000000f4d00000| Complete 
| 590|0x00000000f4e00000, 0x00000000f4f00000, 0x00000000f4f00000|100%| E|CS|TAMS 0x00000000f4e00000| PB 0x00000000f4e00000| Complete 
| 591|0x00000000f4f00000, 0x00000000f5000000, 0x00000000f5000000|100%| E|CS|TAMS 0x00000000f4f00000| PB 0x00000000f4f00000| Complete 
| 592|0x00000000f5000000, 0x00000000f5100000, 0x00000000f5100000|100%| E|CS|TAMS 0x00000000f5000000| PB 0x00000000f5000000| Complete 
| 593|0x00000000f5100000, 0x00000000f5200000, 0x00000000f5200000|100%| E|CS|TAMS 0x00000000f5100000| PB 0x00000000f5100000| Complete 
| 594|0x00000000f5200000, 0x00000000f5300000, 0x00000000f5300000|100%| E|CS|TAMS 0x00000000f5200000| PB 0x00000000f5200000| Complete 
| 595|0x00000000f5300000, 0x00000000f5400000, 0x00000000f5400000|100%| E|CS|TAMS 0x00000000f5300000| PB 0x00000000f5300000| Complete 
| 596|0x00000000f5400000, 0x00000000f5500000, 0x00000000f5500000|100%| E|CS|TAMS 0x00000000f5400000| PB 0x00000000f5400000| Complete 
| 597|0x00000000f5500000, 0x00000000f5600000, 0x00000000f5600000|100%| E|CS|TAMS 0x00000000f5500000| PB 0x00000000f5500000| Complete 
| 598|0x00000000f5600000, 0x00000000f5700000, 0x00000000f5700000|100%| E|CS|TAMS 0x00000000f5600000| PB 0x00000000f5600000| Complete 
| 599|0x00000000f5700000, 0x00000000f5800000, 0x00000000f5800000|100%| E|CS|TAMS 0x00000000f5700000| PB 0x00000000f5700000| Complete 
| 600|0x00000000f5800000, 0x00000000f5900000, 0x00000000f5900000|100%| E|CS|TAMS 0x00000000f5800000| PB 0x00000000f5800000| Complete 
| 601|0x00000000f5900000, 0x00000000f5a00000, 0x00000000f5a00000|100%| E|CS|TAMS 0x00000000f5900000| PB 0x00000000f5900000| Complete 
| 602|0x00000000f5a00000, 0x00000000f5b00000, 0x00000000f5b00000|100%| E|CS|TAMS 0x00000000f5a00000| PB 0x00000000f5a00000| Complete 
| 603|0x00000000f5b00000, 0x00000000f5c00000, 0x00000000f5c00000|100%| E|CS|TAMS 0x00000000f5b00000| PB 0x00000000f5b00000| Complete 
| 604|0x00000000f5c00000, 0x00000000f5d00000, 0x00000000f5d00000|100%| E|CS|TAMS 0x00000000f5c00000| PB 0x00000000f5c00000| Complete 
| 605|0x00000000f5d00000, 0x00000000f5e00000, 0x00000000f5e00000|100%| E|CS|TAMS 0x00000000f5d00000| PB 0x00000000f5d00000| Complete 
| 606|0x00000000f5e00000, 0x00000000f5f00000, 0x00000000f5f00000|100%| E|CS|TAMS 0x00000000f5e00000| PB 0x00000000f5e00000| Complete 
| 607|0x00000000f5f00000, 0x00000000f6000000, 0x00000000f6000000|100%| E|CS|TAMS 0x00000000f5f00000| PB 0x00000000f5f00000| Complete 
| 608|0x00000000f6000000, 0x00000000f6100000, 0x00000000f6100000|100%| E|CS|TAMS 0x00000000f6000000| PB 0x00000000f6000000| Complete 
| 609|0x00000000f6100000, 0x00000000f6200000, 0x00000000f6200000|100%| E|CS|TAMS 0x00000000f6100000| PB 0x00000000f6100000| Complete 
| 610|0x00000000f6200000, 0x00000000f6300000, 0x00000000f6300000|100%| E|CS|TAMS 0x00000000f6200000| PB 0x00000000f6200000| Complete 
| 765|0x00000000ffd00000, 0x00000000ffe00000, 0x00000000ffe00000|100%| E|CS|TAMS 0x00000000ffd00000| PB 0x00000000ffd00000| Complete 
| 766|0x00000000ffe00000, 0x00000000fff00000, 0x00000000fff00000|100%| E|CS|TAMS 0x00000000ffe00000| PB 0x00000000ffe00000| Complete 
| 767|0x00000000fff00000, 0x0000000100000000, 0x0000000100000000|100%| O|  |TAMS 0x00000000fff00000| PB 0x00000000fff00000| Untracked 

Card table byte_map: [0x000001b0a4530000,0x000001b0a46b0000] _byte_map_base: 0x000001b0a3eb0000

Marking Bits: (CMBitMap*) 0x000001b08c1184f0
 Bits: [0x000001b0a46b0000, 0x000001b0a52b0000)

Polling page: 0x000001b089eb0000

Metaspace:

Usage:
  Non-class:    120.63 MB used.
      Class:     19.47 MB used.
       Both:    140.10 MB used.

Virtual space:
  Non-class space:      128.00 MB reserved,     122.31 MB ( 96%) committed,  2 nodes.
      Class space:      320.00 MB reserved,      21.12 MB (  7%) committed,  1 nodes.
             Both:      448.00 MB reserved,     143.44 MB ( 32%) committed. 

Chunk freelists:
   Non-Class:  5.00 MB
       Class:  11.39 MB
        Both:  16.39 MB

MaxMetaspaceSize: 384.00 MB
CompressedClassSpaceSize: 320.00 MB
Initial GC threshold: 21.00 MB
Current GC threshold: 238.69 MB
CDS: on
 - commit_granule_bytes: 65536.
 - commit_granule_words: 8192.
 - virtual_space_node_default_size: 8388608.
 - enlarge_chunks_in_place: 1.
 - use_allocation_guard: 0.


Internal statistics:

num_allocs_failed_limit: 11.
num_arena_births: 5188.
num_arena_deaths: 1552.
num_vsnodes_births: 3.
num_vsnodes_deaths: 0.
num_space_committed: 2295.
num_space_uncommitted: 0.
num_chunks_returned_to_freelist: 1749.
num_chunks_taken_from_freelist: 12525.
num_chunk_merges: 636.
num_chunk_splits: 7835.
num_chunks_enlarged: 4995.
num_inconsistent_stats: 0.

CodeHeap 'non-profiled nmethods': size=119168Kb used=18311Kb max_used=18311Kb free=100856Kb
 bounds [0x000001b09c390000, 0x000001b09d580000, 0x000001b0a37f0000]
CodeHeap 'profiled nmethods': size=119104Kb used=37910Kb max_used=37910Kb free=81193Kb
 bounds [0x000001b0947f0000, 0x000001b096d00000, 0x000001b09bc40000]
CodeHeap 'non-nmethods': size=7488Kb used=4511Kb max_used=4578Kb free=2976Kb
 bounds [0x000001b09bc40000, 0x000001b09c190000, 0x000001b09c390000]
CodeCache: size=245760Kb, used=60732Kb, max_used=60799Kb, free=185025Kb
 total_blobs=20462, nmethods=19390, adapters=972, full_count=0
Compilation: enabled, stopped_count=0, restarted_count=0

Compilation events (20 events):
Event: 451.454 Thread 0x000001b0d04ee890 25830       3       java.util.concurrent.ConcurrentLinkedQueue$Itr::next (96 bytes)
Event: 451.455 Thread 0x000001b0d4e4c180 nmethod 25799 0x000001b09d564710 code [0x000001b09d5649e0, 0x000001b09d5657f0]
Event: 451.455 Thread 0x000001b0d04eef60 nmethod 25827 0x000001b096cd1a90 code [0x000001b096cd1c40, 0x000001b096cd1de8]
Event: 451.455 Thread 0x000001b0a871e610 nmethod 25829 0x000001b096cd1e90 code [0x000001b096cd2020, 0x000001b096cd2128]
Event: 451.455 Thread 0x000001b0d04eef60 25831       3       java.util.concurrent.ConcurrentLinkedQueue::succ (17 bytes)
Event: 451.455 Thread 0x000001b0a871e610 25832       3       java.util.concurrent.ConcurrentLinkedQueue$$Lambda/0x000001b0aac650f8::test (5 bytes)
Event: 451.456 Thread 0x000001b0a871e610 nmethod 25832 0x000001b096cd2190 code [0x000001b096cd2340, 0x000001b096cd24a8]
Event: 451.456 Thread 0x000001b0d04ee890 nmethod 25830 0x000001b096cd2590 code [0x000001b096cd27a0, 0x000001b096cd2e68]
Event: 451.456 Thread 0x000001b0d04eef60 nmethod 25831 0x000001b096cd3110 code [0x000001b096cd32a0, 0x000001b096cd33e8]
Event: 451.458 Thread 0x000001b0cfe60520 nmethod 25825 0x000001b09d566390 code [0x000001b09d566520, 0x000001b09d5666b0]
Event: 451.458 Thread 0x000001b0cfe60bf0 25826       4       org.gradle.internal.watch.vfs.impl.DefaultFileSystemWatchingStatistics$$Lambda/0x000001b0aa6c8da0::accept (12 bytes)
Event: 451.459 Thread 0x000001b0d4e4c850 nmethod 25828 0x000001b096cd3490 code [0x000001b096cd3840, 0x000001b096cd5178]
Event: 451.460 Thread 0x000001b0cfe5f780 nmethod 25804 0x000001b09d566810 code [0x000001b09d566b00, 0x000001b09d567b98]
Event: 451.461 Thread 0x000001b0cfe60520 25833       4       com.google.common.cache.LocalCache::nullEntry (4 bytes)
Event: 451.462 Thread 0x000001b0cfe60520 nmethod 25833 0x000001b09d568a10 code [0x000001b09d568ba0, 0x000001b09d568c10]
Event: 451.465 Thread 0x000001b0cfe60bf0 nmethod 25826 0x000001b09d568d10 code [0x000001b09d568ee0, 0x000001b09d569218]
Event: 451.465 Thread 0x000001b0d04ee890 25834       3       org.gradle.internal.concurrent.CompositeStoppable::add (34 bytes)
Event: 451.465 Thread 0x000001b0d04ee890 nmethod 25834 0x000001b096cd5990 code [0x000001b096cd5ba0, 0x000001b096cd6210]
Event: 451.470 Thread 0x000001b0a871e610 25835       1       org.gradle.internal.event.DefaultListenerManager::access$700 (5 bytes)
Event: 451.470 Thread 0x000001b0a871e610 nmethod 25835 0x000001b09d569590 code [0x000001b09d569720, 0x000001b09d5697d0]

GC Heap History (20 events):
Event: 355.756 GC heap before
{Heap before GC invocations=77 (full 0):
 garbage-first heap   total 424960K, used 378868K [0x00000000d0000000, 0x0000000100000000)
  region size 1024K, 120 young (122880K), 14 survivors (14336K)
 Metaspace       used 133510K, committed 136640K, reserved 458752K
  class space    used 18841K, committed 20352K, reserved 327680K
}
Event: 355.779 GC heap after
{Heap after GC invocations=78 (full 0):
 garbage-first heap   total 424960K, used 277456K [0x00000000d0000000, 0x0000000100000000)
  region size 1024K, 11 young (11264K), 11 survivors (11264K)
 Metaspace       used 133510K, committed 136640K, reserved 458752K
  class space    used 18841K, committed 20352K, reserved 327680K
}
Event: 368.007 GC heap before
{Heap before GC invocations=78 (full 0):
 garbage-first heap   total 424960K, used 386000K [0x00000000d0000000, 0x0000000100000000)
  region size 1024K, 118 young (120832K), 11 survivors (11264K)
 Metaspace       used 134684K, committed 137920K, reserved 458752K
  class space    used 19006K, committed 20544K, reserved 327680K
}
Event: 368.036 GC heap after
{Heap after GC invocations=79 (full 0):
 garbage-first heap   total 424960K, used 289928K [0x00000000d0000000, 0x0000000100000000)
  region size 1024K, 14 young (14336K), 14 survivors (14336K)
 Metaspace       used 134684K, committed 137920K, reserved 458752K
  class space    used 19006K, committed 20544K, reserved 327680K
}
Event: 390.357 GC heap before
{Heap before GC invocations=80 (full 0):
 garbage-first heap   total 485376K, used 390280K [0x00000000d0000000, 0x0000000100000000)
  region size 1024K, 112 young (114688K), 14 survivors (14336K)
 Metaspace       used 134684K, committed 137920K, reserved 458752K
  class space    used 19006K, committed 20544K, reserved 327680K
}
Event: 390.378 GC heap after
{Heap after GC invocations=81 (full 0):
 garbage-first heap   total 485376K, used 292175K [0x00000000d0000000, 0x0000000100000000)
  region size 1024K, 5 young (5120K), 5 survivors (5120K)
 Metaspace       used 134684K, committed 137920K, reserved 458752K
  class space    used 19006K, committed 20544K, reserved 327680K
}
Event: 406.839 GC heap before
{Heap before GC invocations=81 (full 0):
 garbage-first heap   total 485376K, used 441679K [0x00000000d0000000, 0x0000000100000000)
  region size 1024K, 147 young (150528K), 5 survivors (5120K)
 Metaspace       used 135082K, committed 138368K, reserved 458752K
  class space    used 19057K, committed 20608K, reserved 327680K
}
Event: 406.881 GC heap after
{Heap after GC invocations=82 (full 0):
 garbage-first heap   total 485376K, used 304042K [0x00000000d0000000, 0x0000000100000000)
  region size 1024K, 16 young (16384K), 16 survivors (16384K)
 Metaspace       used 135082K, committed 138368K, reserved 458752K
  class space    used 19057K, committed 20608K, reserved 327680K
}
Event: 425.017 GC heap before
{Heap before GC invocations=82 (full 0):
 garbage-first heap   total 485376K, used 434090K [0x00000000d0000000, 0x0000000100000000)
  region size 1024K, 143 young (146432K), 16 survivors (16384K)
 Metaspace       used 136603K, committed 139904K, reserved 458752K
  class space    used 19210K, committed 20736K, reserved 327680K
}
Event: 425.024 GC heap after
{Heap after GC invocations=83 (full 0):
 garbage-first heap   total 485376K, used 313712K [0x00000000d0000000, 0x0000000100000000)
  region size 1024K, 12 young (12288K), 12 survivors (12288K)
 Metaspace       used 136603K, committed 139904K, reserved 458752K
  class space    used 19210K, committed 20736K, reserved 327680K
}
Event: 427.111 GC heap before
{Heap before GC invocations=84 (full 0):
 garbage-first heap   total 524288K, used 442736K [0x00000000d0000000, 0x0000000100000000)
  region size 1024K, 137 young (140288K), 12 survivors (12288K)
 Metaspace       used 138029K, committed 141376K, reserved 458752K
  class space    used 19413K, committed 20992K, reserved 327680K
}
Event: 427.119 GC heap after
{Heap after GC invocations=85 (full 0):
 garbage-first heap   total 524288K, used 334280K [0x00000000d0000000, 0x0000000100000000)
  region size 1024K, 18 young (18432K), 18 survivors (18432K)
 Metaspace       used 138029K, committed 141376K, reserved 458752K
  class space    used 19413K, committed 20992K, reserved 327680K
}
Event: 430.703 GC heap before
{Heap before GC invocations=85 (full 0):
 garbage-first heap   total 524288K, used 470472K [0x00000000d0000000, 0x0000000100000000)
  region size 1024K, 151 young (154624K), 18 survivors (18432K)
 Metaspace       used 142486K, committed 145856K, reserved 458752K
  class space    used 19981K, committed 21568K, reserved 327680K
}
Event: 430.717 GC heap after
{Heap after GC invocations=86 (full 0):
 garbage-first heap   total 524288K, used 355328K [0x00000000d0000000, 0x0000000100000000)
  region size 1024K, 19 young (19456K), 19 survivors (19456K)
 Metaspace       used 142486K, committed 145856K, reserved 458752K
  class space    used 19981K, committed 21568K, reserved 327680K
}
Event: 433.410 GC heap before
{Heap before GC invocations=86 (full 0):
 garbage-first heap   total 524288K, used 474112K [0x00000000d0000000, 0x0000000100000000)
  region size 1024K, 135 young (138240K), 19 survivors (19456K)
 Metaspace       used 143255K, committed 146624K, reserved 458752K
  class space    used 20043K, committed 21632K, reserved 327680K
}
Event: 433.425 GC heap after
{Heap after GC invocations=87 (full 0):
 garbage-first heap   total 524288K, used 376565K [0x00000000d0000000, 0x0000000100000000)
  region size 1024K, 17 young (17408K), 17 survivors (17408K)
 Metaspace       used 143255K, committed 146624K, reserved 458752K
  class space    used 20043K, committed 21632K, reserved 327680K
}
Event: 434.948 GC heap before
{Heap before GC invocations=88 (full 0):
 garbage-first heap   total 628736K, used 479989K [0x00000000d0000000, 0x0000000100000000)
  region size 1024K, 118 young (120832K), 17 survivors (17408K)
 Metaspace       used 141696K, committed 146624K, reserved 458752K
  class space    used 19656K, committed 21632K, reserved 327680K
}
Event: 434.960 GC heap after
{Heap after GC invocations=89 (full 0):
 garbage-first heap   total 628736K, used 394238K [0x00000000d0000000, 0x0000000100000000)
  region size 1024K, 15 young (15360K), 15 survivors (15360K)
 Metaspace       used 141696K, committed 146624K, reserved 458752K
  class space    used 19656K, committed 21632K, reserved 327680K
}
Event: 438.016 GC heap before
{Heap before GC invocations=89 (full 0):
 garbage-first heap   total 628736K, used 559102K [0x00000000d0000000, 0x0000000100000000)
  region size 1024K, 177 young (181248K), 15 survivors (15360K)
 Metaspace       used 142139K, committed 146624K, reserved 458752K
  class space    used 19696K, committed 21632K, reserved 327680K
}
Event: 438.025 GC heap after
{Heap after GC invocations=90 (full 0):
 garbage-first heap   total 628736K, used 401187K [0x00000000d0000000, 0x0000000100000000)
  region size 1024K, 12 young (12288K), 12 survivors (12288K)
 Metaspace       used 142139K, committed 146624K, reserved 458752K
  class space    used 19696K, committed 21632K, reserved 327680K
}

Dll operation events (15 events):
Event: 0.014 Loaded shared library C:\Program Files\Eclipse Adoptium\jdk-21.0.9.10-hotspot\bin\java.dll
Event: 0.042 Loaded shared library C:\Program Files\Eclipse Adoptium\jdk-21.0.9.10-hotspot\bin\jsvml.dll
Event: 0.075 Loaded shared library C:\Program Files\Eclipse Adoptium\jdk-21.0.9.10-hotspot\bin\zip.dll
Event: 0.080 Loaded shared library C:\Program Files\Eclipse Adoptium\jdk-21.0.9.10-hotspot\bin\instrument.dll
Event: 0.125 Loaded shared library C:\Program Files\Eclipse Adoptium\jdk-21.0.9.10-hotspot\bin\net.dll
Event: 0.128 Loaded shared library C:\Program Files\Eclipse Adoptium\jdk-21.0.9.10-hotspot\bin\nio.dll
Event: 0.133 Loaded shared library C:\Program Files\Eclipse Adoptium\jdk-21.0.9.10-hotspot\bin\zip.dll
Event: 0.404 Loaded shared library C:\Program Files\Eclipse Adoptium\jdk-21.0.9.10-hotspot\bin\jimage.dll
Event: 0.549 Loaded shared library C:\Program Files\Eclipse Adoptium\jdk-21.0.9.10-hotspot\bin\verify.dll
Event: 0.630 Loaded shared library C:\Users\nithy\.gradle\native\1def1411415f61bf3af743bc5b6707747c0891f09f0c88961ee8f79bc544acac\windows-amd64\native-platform.dll
Event: 0.645 Loaded shared library C:\Users\nithy\.gradle\native\0.2.7\x86_64-windows-gnu\gradle-fileevents.dll
Event: 2.336 Loaded shared library C:\Program Files\Eclipse Adoptium\jdk-21.0.9.10-hotspot\bin\management.dll
Event: 2.340 Loaded shared library C:\Program Files\Eclipse Adoptium\jdk-21.0.9.10-hotspot\bin\management_ext.dll
Event: 2.510 Loaded shared library C:\Program Files\Eclipse Adoptium\jdk-21.0.9.10-hotspot\bin\extnet.dll
Event: 3.063 Loaded shared library C:\Program Files\Eclipse Adoptium\jdk-21.0.9.10-hotspot\bin\sunmscapi.dll

Deoptimization events (20 events):
Event: 451.463 Thread 0x000001b0d4e1c6d0 Uncommon trap: trap_request=0xffffffde fr.pc=0x000001b09c578544 relative=0x0000000000000184
Event: 451.463 Thread 0x000001b0d4e1c6d0 Uncommon trap: reason=class_check action=maybe_recompile pc=0x000001b09c578544 method=java.util.concurrent.locks.ReentrantLock$Sync.lock()V @ 1 c2
Event: 451.463 Thread 0x000001b0d4e1c6d0 DEOPT PACKING pc=0x000001b09c578544 sp=0x0000000efb0fef30
Event: 451.463 Thread 0x000001b0d4e1c6d0 DEOPT UNPACKING pc=0x000001b09bc94422 sp=0x0000000efb0fee90 mode 2
Event: 451.465 Thread 0x000001b0a899a2c0 Uncommon trap: trap_request=0xffffffc6 fr.pc=0x000001b09d32d140 relative=0x0000000000000b20
Event: 451.465 Thread 0x000001b0a899a2c0 Uncommon trap: reason=bimorphic_or_optimized_type_check action=maybe_recompile pc=0x000001b09d32d140 method=java.util.HashMap.removeNode(ILjava/lang/Object;Ljava/lang/Object;ZZ)Ljava/util/HashMap$Node; @ 143 c2
Event: 451.465 Thread 0x000001b0a899a2c0 DEOPT PACKING pc=0x000001b09d32d140 sp=0x0000000ef73fb990
Event: 451.465 Thread 0x000001b0a899a2c0 DEOPT UNPACKING pc=0x000001b09bc94422 sp=0x0000000ef73fb928 mode 2
Event: 451.467 Thread 0x000001b0c4b4a0a0 Uncommon trap: trap_request=0xffffffde fr.pc=0x000001b09c578544 relative=0x0000000000000184
Event: 451.467 Thread 0x000001b0c4b4a0a0 Uncommon trap: reason=class_check action=maybe_recompile pc=0x000001b09c578544 method=java.util.concurrent.locks.ReentrantLock$Sync.lock()V @ 1 c2
Event: 451.467 Thread 0x000001b0c4b4a0a0 DEOPT PACKING pc=0x000001b09c578544 sp=0x0000000efa8fed80
Event: 451.467 Thread 0x000001b0c4b4a0a0 DEOPT UNPACKING pc=0x000001b09bc94422 sp=0x0000000efa8fece0 mode 2
Event: 451.468 Thread 0x000001b0c4f562a0 Uncommon trap: trap_request=0xffffffde fr.pc=0x000001b09c578544 relative=0x0000000000000184
Event: 451.468 Thread 0x000001b0c4f562a0 Uncommon trap: reason=class_check action=maybe_recompile pc=0x000001b09c578544 method=java.util.concurrent.locks.ReentrantLock$Sync.lock()V @ 1 c2
Event: 451.468 Thread 0x000001b0c4f562a0 DEOPT PACKING pc=0x000001b09c578544 sp=0x0000000efb1ff330
Event: 451.468 Thread 0x000001b0c4f562a0 DEOPT UNPACKING pc=0x000001b09bc94422 sp=0x0000000efb1ff290 mode 2
Event: 451.475 Thread 0x000001b0a899a2c0 Uncommon trap: trap_request=0xffffffc6 fr.pc=0x000001b09d32d140 relative=0x0000000000000b20
Event: 451.475 Thread 0x000001b0a899a2c0 Uncommon trap: reason=bimorphic_or_optimized_type_check action=maybe_recompile pc=0x000001b09d32d140 method=java.util.HashMap.removeNode(ILjava/lang/Object;Ljava/lang/Object;ZZ)Ljava/util/HashMap$Node; @ 143 c2
Event: 451.475 Thread 0x000001b0a899a2c0 DEOPT PACKING pc=0x000001b09d32d140 sp=0x0000000ef73fb990
Event: 451.475 Thread 0x000001b0a899a2c0 DEOPT UNPACKING pc=0x000001b09bc94422 sp=0x0000000ef73fb928 mode 2

Classes loaded (20 events):
Event: 450.475 Loading class java/io/PrintWriter$1
Event: 450.476 Loading class jdk/internal/access/JavaIOPrintWriterAccess
Event: 450.476 Loading class jdk/internal/access/JavaIOPrintWriterAccess done
Event: 450.476 Loading class java/io/PrintWriter$1 done
Event: 450.476 Loading class java/lang/Throwable$WrappedPrintWriter
Event: 450.477 Loading class java/lang/Throwable$PrintStreamOrWriter
Event: 450.477 Loading class java/lang/Throwable$PrintStreamOrWriter done
Event: 450.477 Loading class java/lang/Throwable$WrappedPrintWriter done
Event: 450.538 Loading class java/util/zip/DataFormatException
Event: 450.539 Loading class java/util/zip/DataFormatException done
Event: 450.587 Loading class sun/reflect/misc/MethodUtil
Event: 450.588 Loading class sun/reflect/misc/MethodUtil done
Event: 450.588 Loading class sun/reflect/misc/MethodUtil$1
Event: 450.588 Loading class sun/reflect/misc/MethodUtil$1 done
Event: 450.964 Loading class java/util/logging/LogRecord
Event: 450.965 Loading class java/util/logging/LogRecord done
Event: 451.294 Loading class java/nio/file/StandardCopyOption
Event: 451.295 Loading class java/nio/file/StandardCopyOption done
Event: 451.295 Loading class sun/nio/fs/WindowsFileCopy
Event: 451.296 Loading class sun/nio/fs/WindowsFileCopy done

Classes unloaded (20 events):
Event: 433.610 Thread 0x000001b0a85b63f0 Unloading class 0x000001b0aa0f9400 'java/lang/invoke/LambdaForm$MH+0x000001b0aa0f9400'
Event: 433.610 Thread 0x000001b0a85b63f0 Unloading class 0x000001b0aa0f9000 'java/lang/invoke/LambdaForm$MH+0x000001b0aa0f9000'
Event: 433.610 Thread 0x000001b0a85b63f0 Unloading class 0x000001b0aa0f8c00 'java/lang/invoke/LambdaForm$MH+0x000001b0aa0f8c00'
Event: 433.610 Thread 0x000001b0a85b63f0 Unloading class 0x000001b0aa0f8800 'java/lang/invoke/LambdaForm$MH+0x000001b0aa0f8800'
Event: 433.610 Thread 0x000001b0a85b63f0 Unloading class 0x000001b0aa0e9000 'java/lang/invoke/LambdaForm$MH+0x000001b0aa0e9000'
Event: 433.610 Thread 0x000001b0a85b63f0 Unloading class 0x000001b0aa0e8800 'java/lang/invoke/LambdaForm$MH+0x000001b0aa0e8800'
Event: 433.610 Thread 0x000001b0a85b63f0 Unloading class 0x000001b0aa0e5800 'java/lang/invoke/LambdaForm$MH+0x000001b0aa0e5800'
Event: 433.610 Thread 0x000001b0a85b63f0 Unloading class 0x000001b0aa0e5400 'java/lang/invoke/LambdaForm$MH+0x000001b0aa0e5400'
Event: 433.610 Thread 0x000001b0a85b63f0 Unloading class 0x000001b0aa0e5000 'java/lang/invoke/LambdaForm$MH+0x000001b0aa0e5000'
Event: 433.610 Thread 0x000001b0a85b63f0 Unloading class 0x000001b0aa0d9c00 'java/lang/invoke/LambdaForm$MH+0x000001b0aa0d9c00'
Event: 433.610 Thread 0x000001b0a85b63f0 Unloading class 0x000001b0aa0d9800 'java/lang/invoke/LambdaForm$MH+0x000001b0aa0d9800'
Event: 433.610 Thread 0x000001b0a85b63f0 Unloading class 0x000001b0aa0d9400 'java/lang/invoke/LambdaForm$BMH+0x000001b0aa0d9400'
Event: 433.610 Thread 0x000001b0a85b63f0 Unloading class 0x000001b0aa084000 'java/lang/invoke/LambdaForm$DMH+0x000001b0aa084000'
Event: 433.610 Thread 0x000001b0a85b63f0 Unloading class 0x000001b0aa036000 'java/lang/invoke/LambdaForm$MH+0x000001b0aa036000'
Event: 433.610 Thread 0x000001b0a85b63f0 Unloading class 0x000001b0aa035c00 'java/lang/invoke/LambdaForm$MH+0x000001b0aa035c00'
Event: 433.610 Thread 0x000001b0a85b63f0 Unloading class 0x000001b0aa034000 'java/lang/invoke/LambdaForm$MH+0x000001b0aa034000'
Event: 433.610 Thread 0x000001b0a85b63f0 Unloading class 0x000001b0aa002400 'java/lang/invoke/LambdaForm$MH+0x000001b0aa002400'
Event: 433.610 Thread 0x000001b0a85b63f0 Unloading class 0x000001b0aa002000 'java/lang/invoke/LambdaForm$MH+0x000001b0aa002000'
Event: 433.610 Thread 0x000001b0a85b63f0 Unloading class 0x000001b0aa001c00 'java/lang/invoke/LambdaForm$MH+0x000001b0aa001c00'
Event: 433.610 Thread 0x000001b0a85b63f0 Unloading class 0x000001b0aa001400 'java/lang/invoke/LambdaForm$MH+0x000001b0aa001400'

Classes redefined (0 events):
No events

Internal exceptions (20 events):
Event: 450.523 Thread 0x000001b0a899a2c0 Implicit null exception at 0x000001b09c7cb9a3 to 0x000001b09c7cc350
Event: 450.538 Thread 0x000001b0a899a2c0 Exception <a 'java/io/IOException'{0x00000000f096dcc8}> (0x00000000f096dcc8) 
thrown [s\src\hotspot\share\prims\jni.cpp, line 520]
Event: 450.539 Thread 0x000001b0a899a2c0 Exception <a 'java/lang/NoClassDefFoundError'{0x00000000f0970908}: org/jetbrains/kotlin/gradle/plugin/statistics/DaemonReuseCounter> (0x00000000f0970908) 
thrown [s\src\hotspot\share\classfile\systemDictionary.cpp, line 301]
Event: 450.539 Thread 0x000001b0a899a2c0 Exception <a 'java/io/IOException'{0x00000000f0975a28}> (0x00000000f0975a28) 
thrown [s\src\hotspot\share\prims\jni.cpp, line 520]
Event: 450.539 Thread 0x000001b0a899a2c0 Exception <a 'java/lang/NoClassDefFoundError'{0x00000000f0978390}: org/jetbrains/kotlin/gradle/plugin/statistics/BuildFinishMetrics$reportBuildFinished$1> (0x00000000f0978390) 
thrown [s\src\hotspot\share\classfile\systemDictionary.cpp, line 301]
Event: 450.550 Thread 0x000001b0a899a2c0 Exception <a 'java/lang/NoClassDefFoundError'{0x00000000f0999f70}: org/jetbrains/kotlin/gradle/plugin/statistics/DaemonReuseCounter> (0x00000000f0999f70) 
thrown [s\src\hotspot\share\oops\constantPool.cpp, line 873]
Event: 450.550 Thread 0x000001b0a899a2c0 Exception <a 'java/lang/NoClassDefFoundError'{0x00000000f099bcb8}: org/jetbrains/kotlin/gradle/plugin/statistics/BuildFinishMetrics$reportBuildFinished$1> (0x00000000f099bcb8) 
thrown [s\src\hotspot\share\oops\constantPool.cpp, line 873]
Event: 450.559 Thread 0x000001b0a899a2c0 Exception <a 'java/lang/NoClassDefFoundError'{0x00000000f09a3b50}: org/jetbrains/kotlin/gradle/plugin/statistics/DaemonReuseCounter> (0x00000000f09a3b50) 
thrown [s\src\hotspot\share\oops\constantPool.cpp, line 873]
Event: 450.559 Thread 0x000001b0a899a2c0 Exception <a 'java/lang/NoClassDefFoundError'{0x00000000f09a5898}: org/jetbrains/kotlin/gradle/plugin/statistics/BuildFinishMetrics$reportBuildFinished$1> (0x00000000f09a5898) 
thrown [s\src\hotspot\share\oops\constantPool.cpp, line 873]
Event: 450.590 Thread 0x000001b0a899a2c0 Implicit null exception at 0x000001b09c677f86 to 0x000001b09c67800c
Event: 450.590 Thread 0x000001b0a899a2c0 Implicit null exception at 0x000001b09cb75678 to 0x000001b09cb78078
Event: 450.592 Thread 0x000001b0a899a2c0 Exception <a 'java/lang/NoSuchMethodError'{0x00000000f0813dc0}: 'long java.lang.invoke.DelegatingMethodHandle$Holder.reinvoke_L(java.lang.Object, java.lang.Object)'> (0x00000000f0813dc0) 
thrown [s\src\hotspot\share\interpreter\linkResolver.cpp, line 773]
Event: 451.276 Thread 0x000001b0a899a2c0 Exception <a 'java/lang/NoSuchMethodError'{0x00000000f0633468}: 'void java.lang.invoke.DirectMethodHandle$Holder.invokeInterface(java.lang.Object, java.lang.Object, java.lang.Object, int)'> (0x00000000f0633468) 
thrown [s\src\hotspot\share\interpreter\linkResolver.cpp, line 773]
Event: 451.276 Thread 0x000001b0a899a2c0 Exception <a 'java/lang/IncompatibleClassChangeError'{0x00000000f0636fe0}: Found class java.lang.Object, but interface was expected> (0x00000000f0636fe0) 
thrown [s\src\hotspot\share\interpreter\linkResolver.cpp, line 840]
Event: 451.276 Thread 0x000001b0a899a2c0 Exception <a 'java/lang/NoSuchMethodError'{0x00000000f063b318}: 'void java.lang.invoke.DelegatingMethodHandle$Holder.reinvoke_L(java.lang.Object, java.lang.Object, java.lang.Object, int)'> (0x00000000f063b318) 
thrown [s\src\hotspot\share\interpreter\linkResolver.cpp, line 773]
Event: 451.281 Thread 0x000001b0a899a2c0 Exception <a 'sun/nio/fs/WindowsException'{0x00000000f065b6c8}> (0x00000000f065b6c8) 
thrown [s\src\hotspot\share\prims\jni.cpp, line 520]
Event: 451.311 Thread 0x000001b0a899a2c0 Implicit null exception at 0x000001b09d548d63 to 0x000001b09d549480
Event: 451.343 Thread 0x000001b0a899a2c0 Exception <a 'java/lang/NoSuchMethodError'{0x00000000f0510d48}: 'void java.lang.invoke.DirectMethodHandle$Holder.invokeStatic(java.lang.Object, int, java.lang.Object)'> (0x00000000f0510d48) 
thrown [s\src\hotspot\share\interpreter\linkResolver.cpp, line 773]
Event: 451.363 Thread 0x000001b0a899a2c0 Implicit null exception at 0x000001b09cba5422 to 0x000001b09cba697c
Event: 451.448 Thread 0x000001b0a899a2c0 Exception <a 'java/lang/IncompatibleClassChangeError'{0x00000000efc14868}: Found class java.lang.Object, but interface was expected> (0x00000000efc14868) 
thrown [s\src\hotspot\share\interpreter\linkResolver.cpp, line 840]

ZGC Phase Switch (0 events):
No events

VM Operations (20 events):
Event: 438.549 Executing VM operation: HandshakeAllThreads (Deoptimize)
Event: 438.549 Executing VM operation: HandshakeAllThreads (Deoptimize) done
Event: 439.549 Executing VM operation: Cleanup
Event: 439.549 Executing VM operation: Cleanup done
Event: 440.562 Executing VM operation: Cleanup
Event: 440.562 Executing VM operation: Cleanup done
Event: 441.058 Executing VM operation: HandshakeAllThreads (Deoptimize)
Event: 441.058 Executing VM operation: HandshakeAllThreads (Deoptimize) done
Event: 442.058 Executing VM operation: Cleanup
Event: 442.058 Executing VM operation: Cleanup done
Event: 443.070 Executing VM operation: Cleanup
Event: 443.070 Executing VM operation: Cleanup done
Event: 445.093 Executing VM operation: Cleanup
Event: 445.093 Executing VM operation: Cleanup done
Event: 449.118 Executing VM operation: Cleanup
Event: 449.118 Executing VM operation: Cleanup done
Event: 451.131 Executing VM operation: Cleanup
Event: 451.132 Executing VM operation: Cleanup done
Event: 451.327 Executing VM operation: HandshakeAllThreads (Deoptimize)
Event: 451.327 Executing VM operation: HandshakeAllThreads (Deoptimize) done

Memory protections (0 events):
No events

Nmethod flushes (20 events):
Event: 433.642 Thread 0x000001b0a85b63f0 flushing  nmethod 0x000001b094a0dd90
Event: 433.642 Thread 0x000001b0a85b63f0 flushing  nmethod 0x000001b0953d0f10
Event: 433.642 Thread 0x000001b0a85b63f0 flushing  nmethod 0x000001b09566ac90
Event: 433.642 Thread 0x000001b0a85b63f0 flushing  nmethod 0x000001b0956aa910
Event: 433.642 Thread 0x000001b0a85b63f0 flushing  nmethod 0x000001b0958d2410
Event: 433.642 Thread 0x000001b0a85b63f0 flushing  nmethod 0x000001b095ab0190
Event: 433.642 Thread 0x000001b0a85b63f0 flushing  nmethod 0x000001b095ab3c10
Event: 433.642 Thread 0x000001b0a85b63f0 flushing  nmethod 0x000001b095ab4390
Event: 433.642 Thread 0x000001b0a85b63f0 flushing  nmethod 0x000001b095ab5010
Event: 433.642 Thread 0x000001b0a85b63f0 flushing  nmethod 0x000001b095e9d890
Event: 433.642 Thread 0x000001b0a85b63f0 flushing  nmethod 0x000001b094bdb990
Event: 433.642 Thread 0x000001b0a85b63f0 flushing  nmethod 0x000001b094bdbf10
Event: 433.642 Thread 0x000001b0a85b63f0 flushing  nmethod 0x000001b094bdd090
Event: 433.642 Thread 0x000001b0a85b63f0 flushing  nmethod 0x000001b095302f10
Event: 433.642 Thread 0x000001b0a85b63f0 flushing  nmethod 0x000001b09591dc90
Event: 433.642 Thread 0x000001b0a85b63f0 flushing  nmethod 0x000001b09591e210
Event: 433.642 Thread 0x000001b0a85b63f0 flushing  nmethod 0x000001b09591f410
Event: 433.642 Thread 0x000001b0a85b63f0 flushing  nmethod 0x000001b095921290
Event: 433.642 Thread 0x000001b0a85b63f0 flushing  nmethod 0x000001b095922210
Event: 433.642 Thread 0x000001b0a85b63f0 flushing  nmethod 0x000001b095939090

Events (20 events):
Event: 448.740 Thread 0x000001b0d04eef60 Thread exited: 0x000001b0d04eef60
Event: 450.480 Thread 0x000001b0a871e610 Thread added: 0x000001b0d04ee890
Event: 450.494 Thread 0x000001b0a871e610 Thread added: 0x000001b0d04eef60
Event: 450.494 Thread 0x000001b0a871e610 Thread added: 0x000001b0d4e4c850
Event: 450.544 Thread 0x000001b0c4f5aad0 Thread exited: 0x000001b0c4f5aad0
Event: 450.551 Thread 0x000001b0c4ed8580 Thread exited: 0x000001b0c4ed8580
Event: 450.559 Thread 0x000001b0c4f55c10 Thread exited: 0x000001b0c4f55c10
Event: 450.952 Thread 0x000001b0c4edace0 Thread exited: 0x000001b0c4edace0
Event: 450.967 Thread 0x000001b0c89bac30 Thread exited: 0x000001b0c89bac30
Event: 451.304 Thread 0x000001b0c8244c10 Thread exited: 0x000001b0c8244c10
Event: 451.383 Thread 0x000001b0a871e610 Thread added: 0x000001b0d4e4c180
Event: 451.388 Thread 0x000001b0d4e4c180 Thread added: 0x000001b0cfe60520
Event: 451.388 Thread 0x000001b0d4e4c180 Thread added: 0x000001b0cfe60bf0
Event: 451.388 Thread 0x000001b0d4e4c180 Thread added: 0x000001b0cfe5f780
Event: 451.457 Thread 0x000001b0c39c5540 Thread exited: 0x000001b0c39c5540
Event: 451.463 Thread 0x000001b0d4e1c6d0 Thread exited: 0x000001b0d4e1c6d0
Event: 451.467 Thread 0x000001b0c4b4a0a0 Thread exited: 0x000001b0c4b4a0a0
Event: 451.469 Thread 0x000001b0c4f562a0 Thread exited: 0x000001b0c4f562a0
Event: 451.470 Thread 0x000001b0c4ed64b0 Thread exited: 0x000001b0c4ed64b0
Event: 451.473 Thread 0x000001b0c73c7450 Thread exited: 0x000001b0c73c7450


Dynamic libraries:
0x00007ff600690000 - 0x00007ff60069e000 	C:\Program Files\Eclipse Adoptium\jdk-21.0.9.10-hotspot\bin\java.exe
0x00007ff915940000 - 0x00007ff915ba7000 	C:\WINDOWS\SYSTEM32\ntdll.dll
0x00007ff913660000 - 0x00007ff91372b000 	C:\WINDOWS\System32\KERNEL32.DLL
0x00007ff912e30000 - 0x00007ff913232000 	C:\WINDOWS\System32\KERNELBASE.dll
0x00007ff912b40000 - 0x00007ff912c8c000 	C:\WINDOWS\System32\ucrtbase.dll
0x00007ff8b7580000 - 0x00007ff8b7598000 	C:\Program Files\Eclipse Adoptium\jdk-21.0.9.10-hotspot\bin\jli.dll
0x00007ff913ef0000 - 0x00007ff9140bf000 	C:\WINDOWS\System32\USER32.dll
0x00007ff913300000 - 0x00007ff913327000 	C:\WINDOWS\System32\win32u.dll
0x00007ff8b7aa0000 - 0x00007ff8b7abe000 	C:\Program Files\Eclipse Adoptium\jdk-21.0.9.10-hotspot\bin\VCRUNTIME140.dll
0x00007ff914870000 - 0x00007ff91489b000 	C:\WINDOWS\System32\GDI32.dll
0x00007ff9133e0000 - 0x00007ff913509000 	C:\WINDOWS\System32\gdi32full.dll
0x00007ff913330000 - 0x00007ff9133d3000 	C:\WINDOWS\System32\msvcp_win.dll
0x00007ff8ef5f0000 - 0x00007ff8ef880000 	C:\WINDOWS\WinSxS\amd64_microsoft.windows.common-controls_6595b64144ccf1df_6.0.26100.9278_none_3e0d1ba8e3303201\COMCTL32.dll
0x00007ff914960000 - 0x00007ff914a09000 	C:\WINDOWS\System32\msvcrt.dll
0x00007ff913dd0000 - 0x00007ff913e01000 	C:\WINDOWS\System32\IMM32.DLL
0x00007ff8e93f0000 - 0x00007ff8e93fc000 	C:\Program Files\Eclipse Adoptium\jdk-21.0.9.10-hotspot\bin\vcruntime140_1.dll
0x00007ff8aa290000 - 0x00007ff8aa31d000 	C:\Program Files\Eclipse Adoptium\jdk-21.0.9.10-hotspot\bin\msvcp140.dll
0x00007ff80afb0000 - 0x00007ff80bd50000 	C:\Program Files\Eclipse Adoptium\jdk-21.0.9.10-hotspot\bin\server\jvm.dll
0x00007ff913c90000 - 0x00007ff913d4c000 	C:\WINDOWS\System32\ADVAPI32.dll
0x00007ff9148b0000 - 0x00007ff914959000 	C:\WINDOWS\System32\sechost.dll
0x00007ff913b60000 - 0x00007ff913c78000 	C:\WINDOWS\System32\RPCRT4.dll
0x00007ff915210000 - 0x00007ff915290000 	C:\WINDOWS\System32\WS2_32.dll
0x00007ff9129a0000 - 0x00007ff9129fe000 	C:\WINDOWS\SYSTEM32\POWRPROF.dll
0x00007ff90c770000 - 0x00007ff90c7a6000 	C:\WINDOWS\SYSTEM32\WINMM.dll
0x00007ff8fe5c0000 - 0x00007ff8fe5cb000 	C:\WINDOWS\SYSTEM32\VERSION.dll
0x00007ff912980000 - 0x00007ff912995000 	C:\WINDOWS\SYSTEM32\UMPDC.dll
0x00007ff9117d0000 - 0x00007ff9117eb000 	C:\WINDOWS\SYSTEM32\kernel.appcore.dll
0x00007ff8d9aa0000 - 0x00007ff8d9aaa000 	C:\Program Files\Eclipse Adoptium\jdk-21.0.9.10-hotspot\bin\jimage.dll
0x00007ff9102d0000 - 0x00007ff91051c000 	C:\WINDOWS\SYSTEM32\DBGHELP.DLL
0x00007ff914dc0000 - 0x00007ff915145000 	C:\WINDOWS\System32\combase.dll
0x00007ff913e10000 - 0x00007ff913ee9000 	C:\WINDOWS\System32\OLEAUT32.dll
0x00007ff8ee950000 - 0x00007ff8ee98b000 	C:\WINDOWS\SYSTEM32\dbgcore.DLL
0x00007ff913240000 - 0x00007ff9132ec000 	C:\WINDOWS\System32\bcryptPrimitives.dll
0x00007ff8ce5e0000 - 0x00007ff8ce5ef000 	C:\Program Files\Eclipse Adoptium\jdk-21.0.9.10-hotspot\bin\instrument.dll
0x00007ff8b6000000 - 0x00007ff8b6020000 	C:\Program Files\Eclipse Adoptium\jdk-21.0.9.10-hotspot\bin\java.dll
0x00007ff9140d0000 - 0x00007ff914868000 	C:\WINDOWS\System32\SHELL32.dll
0x00007ff910560000 - 0x00007ff910e0e000 	C:\WINDOWS\SYSTEM32\windows.storage.dll
0x00007ff915370000 - 0x00007ff91546b000 	C:\WINDOWS\System32\SHCORE.dll
0x00007ff913d60000 - 0x00007ff913dc6000 	C:\WINDOWS\System32\shlwapi.dll
0x00007ff912a60000 - 0x00007ff912a89000 	C:\WINDOWS\SYSTEM32\profapi.dll
0x00007ff8173c0000 - 0x00007ff817497000 	C:\Program Files\Eclipse Adoptium\jdk-21.0.9.10-hotspot\bin\jsvml.dll
0x00007ff8aba10000 - 0x00007ff8aba28000 	C:\Program Files\Eclipse Adoptium\jdk-21.0.9.10-hotspot\bin\zip.dll
0x00007ff8d6330000 - 0x00007ff8d6340000 	C:\Program Files\Eclipse Adoptium\jdk-21.0.9.10-hotspot\bin\net.dll
0x00007ff90b910000 - 0x00007ff90ba3a000 	C:\WINDOWS\SYSTEM32\WINHTTP.dll
0x00007ff911d70000 - 0x00007ff911ddc000 	C:\WINDOWS\system32\mswsock.dll
0x00007ff8b5fe0000 - 0x00007ff8b5ff6000 	C:\Program Files\Eclipse Adoptium\jdk-21.0.9.10-hotspot\bin\nio.dll
0x00007ff8d5d90000 - 0x00007ff8d5da0000 	C:\Program Files\Eclipse Adoptium\jdk-21.0.9.10-hotspot\bin\verify.dll
0x00007ff8ab910000 - 0x00007ff8ab937000 	C:\Users\nithy\.gradle\native\1def1411415f61bf3af743bc5b6707747c0891f09f0c88961ee8f79bc544acac\windows-amd64\native-platform.dll
0x00007ff871350000 - 0x00007ff8713c8000 	C:\Users\nithy\.gradle\native\0.2.7\x86_64-windows-gnu\gradle-fileevents.dll
0x00007ff8d5cf0000 - 0x00007ff8d5cfa000 	C:\Program Files\Eclipse Adoptium\jdk-21.0.9.10-hotspot\bin\management.dll
0x00007ff8d5cc0000 - 0x00007ff8d5ccc000 	C:\Program Files\Eclipse Adoptium\jdk-21.0.9.10-hotspot\bin\management_ext.dll
0x00007ff915150000 - 0x00007ff915158000 	C:\WINDOWS\System32\PSAPI.DLL
0x00007ff911180000 - 0x00007ff9111b3000 	C:\WINDOWS\SYSTEM32\IPHLPAPI.DLL
0x00007ff9148a0000 - 0x00007ff9148aa000 	C:\WINDOWS\System32\NSI.dll
0x00007ff8cea20000 - 0x00007ff8cea29000 	C:\Program Files\Eclipse Adoptium\jdk-21.0.9.10-hotspot\bin\extnet.dll
0x00007ff912190000 - 0x00007ff9121ab000 	C:\WINDOWS\SYSTEM32\CRYPTSP.dll
0x00007ff911730000 - 0x00007ff911769000 	C:\WINDOWS\system32\rsaenh.dll
0x00007ff911e20000 - 0x00007ff911e54000 	C:\WINDOWS\SYSTEM32\USERENV.dll
0x00007ff912a30000 - 0x00007ff912a5a000 	C:\WINDOWS\SYSTEM32\bcrypt.dll
0x00007ff911fd0000 - 0x00007ff911fdc000 	C:\WINDOWS\SYSTEM32\CRYPTBASE.dll
0x00007ff8cdb40000 - 0x00007ff8cdb4e000 	C:\Program Files\Eclipse Adoptium\jdk-21.0.9.10-hotspot\bin\sunmscapi.dll
0x00007ff912ca0000 - 0x00007ff912e1e000 	C:\WINDOWS\System32\CRYPT32.dll
0x00007ff912300000 - 0x00007ff912330000 	C:\WINDOWS\SYSTEM32\ncrypt.dll
0x00007ff9122b0000 - 0x00007ff9122ef000 	C:\WINDOWS\SYSTEM32\NTASN1.dll
0x00007ff8dbb20000 - 0x00007ff8dbb28000 	C:\WINDOWS\system32\wshunix.dll
0x00007ff90f450000 - 0x00007ff90f4ef000 	C:\WINDOWS\system32\apphelp.dll

JVMTI agents:
C:\Users\nithy\.gradle\wrapper\dists\gradle-8.14.3-bin\cv11ve7ro1n3o1j4so8xd9n66\gradle-8.14.3\lib\agents\gradle-instrumentation-agent-8.14.3.jar path:C:\Program Files\Eclipse Adoptium\jdk-21.0.9.10-hotspot\bin\instrument.dll, loaded, initialized, instrumentlib options:none

dbghelp: loaded successfully - version: 4.0.5 - missing functions: none
symbol engine: initialized successfully - sym options: 0x614 - pdb path: .;C:\Program Files\Eclipse Adoptium\jdk-21.0.9.10-hotspot\bin;C:\WINDOWS\SYSTEM32;C:\WINDOWS\WinSxS\amd64_microsoft.windows.common-controls_6595b64144ccf1df_6.0.26100.9278_none_3e0d1ba8e3303201;C:\Program Files\Eclipse Adoptium\jdk-21.0.9.10-hotspot\bin\server;C:\Users\nithy\.gradle\native\1def1411415f61bf3af743bc5b6707747c0891f09f0c88961ee8f79bc544acac\windows-amd64;C:\Users\nithy\.gradle\native\0.2.7\x86_64-windows-gnu

VM Arguments:
jvm_args: --add-opens=java.base/java.lang=ALL-UNNAMED --add-opens=java.base/java.lang.invoke=ALL-UNNAMED --add-opens=java.base/java.util=ALL-UNNAMED --add-opens=java.prefs/java.util.prefs=ALL-UNNAMED --add-exports=jdk.compiler/com.sun.tools.javac.api=ALL-UNNAMED --add-exports=jdk.compiler/com.sun.tools.javac.util=ALL-UNNAMED --add-opens=java.base/java.util=ALL-UNNAMED --add-opens=java.prefs/java.util.prefs=ALL-UNNAMED --add-opens=java.base/java.nio.charset=ALL-UNNAMED --add-opens=java.base/java.net=ALL-UNNAMED --add-opens=java.base/java.util.concurrent.atomic=ALL-UNNAMED --add-opens=java.xml/javax.xml.namespace=ALL-UNNAMED -XX:MaxMetaspaceSize=384m -Xmx768m -Dfile.encoding=UTF-8 -Duser.country=GB -Duser.language=en -Duser.variant -javaagent:C:\Users\nithy\.gradle\wrapper\dists\gradle-8.14.3-bin\cv11ve7ro1n3o1j4so8xd9n66\gradle-8.14.3\lib\agents\gradle-instrumentation-agent-8.14.3.jar 
java_command: org.gradle.launcher.daemon.bootstrap.GradleDaemon 8.14.3
java_class_path (initial): C:\Users\nithy\.gradle\wrapper\dists\gradle-8.14.3-bin\cv11ve7ro1n3o1j4so8xd9n66\gradle-8.14.3\lib\gradle-daemon-main-8.14.3.jar
Launcher Type: SUN_STANDARD

[Global flags]
     intx CICompilerCount                          = 12                                        {product} {ergonomic}
   size_t CompressedClassSpaceSize                 = 335544320                                 {product} {ergonomic}
     uint ConcGCThreads                            = 4                                         {product} {ergonomic}
     uint G1ConcRefinementThreads                  = 16                                        {product} {ergonomic}
   size_t G1HeapRegionSize                         = 1048576                                   {product} {ergonomic}
    uintx GCDrainStackTargetSize                   = 64                                        {product} {ergonomic}
   size_t InitialHeapSize                          = 530579456                                 {product} {ergonomic}
   size_t MarkStackSize                            = 4194304                                   {product} {ergonomic}
   size_t MaxHeapSize                              = 805306368                                 {product} {command line}
   size_t MaxMetaspaceSize                         = 402653184                                 {product} {command line}
   size_t MaxNewSize                               = 482344960                                 {product} {ergonomic}
   size_t MinHeapDeltaBytes                        = 1048576                                   {product} {ergonomic}
   size_t MinHeapSize                              = 8388608                                   {product} {ergonomic}
    uintx NonNMethodCodeHeapSize                   = 7602480                                {pd product} {ergonomic}
    uintx NonProfiledCodeHeapSize                  = 122027880                              {pd product} {ergonomic}
    uintx ProfiledCodeHeapSize                     = 122027880                              {pd product} {ergonomic}
    uintx ReservedCodeCacheSize                    = 251658240                              {pd product} {ergonomic}
     bool SegmentedCodeCache                       = true                                      {product} {ergonomic}
   size_t SoftMaxHeapSize                          = 805306368                              {manageable} {ergonomic}
     bool UseCompressedOops                        = true                           {product lp64_product} {ergonomic}
     bool UseG1GC                                  = true                                      {product} {ergonomic}
     bool UseLargePagesIndividualAllocation        = false                                  {pd product} {ergonomic}

Logging:
Log output configuration:
 #0: stdout all=warning uptime,level,tags foldmultilines=false
 #1: stderr all=off uptime,level,tags foldmultilines=false

Release file:
IMPLEMENTOR="Eclipse Adoptium" 
IMPLEMENTOR_VERSION="Temurin-21.0.9+10" 
JAVA_RUNTIME_VERSION="21.0.9+10-LTS" 
JAVA_VERSION="21.0.9" 
JAVA_VERSION_DATE="2025-10-21" 
LIBC="default" 
MODULES="java.base java.compiler java.datatransfer java.xml java.prefs java.desktop java.instrument java.logging java.management java.security.sasl java.naming java.rmi java.management.rmi java.net.http java.scripting java.security.jgss java.transaction.xa java.sql java.sql.rowset java.xml.crypto java.se java.smartcardio jdk.accessibility jdk.internal.jvmstat jdk.attach jdk.charsets jdk.internal.opt jdk.zipfs jdk.compiler jdk.crypto.ec jdk.crypto.cryptoki jdk.crypto.mscapi jdk.dynalink jdk.internal.ed jdk.editpad jdk.hotspot.agent jdk.httpserver jdk.incubator.vector jdk.internal.le jdk.internal.vm.ci jdk.internal.vm.compiler jdk.internal.vm.compiler.management jdk.jartool jdk.javadoc jdk.jcmd jdk.management jdk.management.agent jdk.jconsole jdk.jdeps jdk.jdwp.agent jdk.jdi jdk.jfr jdk.jlink jdk.jpackage jdk.jshell jdk.jsobject jdk.jstatd jdk.localedata jdk.management.jfr jdk.naming.dns jdk.naming.rmi jdk.net jdk.nio.mapmode jdk.random jdk.sctp jdk.security.auth jdk.security.jgss jdk.unsupported jdk.unsupported.desktop jdk.xml.dom" 
OS_ARCH="x86_64" 
OS_NAME="Windows" 
SOURCE=".:git:759062135b07" 
BUILD_SOURCE="git:839fa0b45d809157cffd3dc8515aad262a4a1776"
BUILD_SOURCE_REPO="https://github.com/adoptium/temurin-build.git"
SOURCE_REPO="https://github.com/adoptium/jdk21u.git"
FULL_VERSION="21.0.9+10-LTS"
SEMANTIC_VERSION="21.0.9+10"
BUILD_INFO="OS: Windows Server 2022 Version: 10.0"
JVM_VARIANT="Hotspot"
JVM_VERSION="21.0.9+10-LTS"
IMAGE_TYPE="JDK"

Environment Variables:
JAVA_HOME=C:\Program Files\Eclipse Adoptium\jdk-21.0.9.10-hotspot
PATH=C:\Users\nithy\.cache\codex-runtimes\codex-primary-runtime\dependencies\native\powershell;C:\Users\nithy\.codex\tmp\arg0\codex-arg0yHnlbh;C:\Users\nithy\.cache\codex-runtimes\codex-primary-runtime\dependencies\native\libheif\libheif\bin;C:\Users\nithy\.cache\codex-runtimes\codex-primary-runtime\dependencies\native\jxrlib\jxrlib\bin;C:\Users\nithy\.cache\codex-runtimes\codex-primary-runtime\dependencies\native\poppler\Library\bin;C:\Users\nithy\.cache\codex-runtimes\codex-primary-runtime\dependencies\bin\override;C:\Program Files (x86)\Common Files\Oracle\Java\java8path;C:\Program Files (x86)\Common Files\Oracle\Java\javapath;C:\Program Files\Eclipse Adoptium\jdk-21.0.9.10-hotspot\bin;c:\Users\nithy\AppData\Local\Programs\cursor\resources\app\bin;C:\Program Files\Python313\Scripts\;C:\Program Files\Python313\;C:\oraclexe\app\oracle\product\11.2.0\server\bin;C:\Program Files\Python312\Scripts\;C:\Program Files\Python312\;C:\WINDOWS\system32;C:\WINDOWS;C:\WINDOWS\System32\Wbem;C:\WINDOWS\System32\WindowsPowerShell\v1.0\;C:\WINDOWS\System32\OpenSSH\;C:\Program Files\MySQL\MySQL Server 8.0\bin;C:\Program Files\dotnet\;C:\ProgramData\chocolatey\bin;C:\Program Files\CMake\bin;C:\Program Files\Python313;C:\Program Files\MySQL\MySQL Shell 8.0\bin\;C:\Users\nithy\.cache\codex-runtimes\codex-primary-runtime\dependencies\native\powershell;C:\Users\nithy\AppData\Local\Microsoft\WindowsApps;C:\Users\nithy\AppData\Local\spicetify;C:\Users\nithy\.cache\lm-studio\bin;C:\Users\nithy\AppData\Local\Microsoft\WindowsApps;C:\Users\nithy\AppData\Roaming\npm;C:\Users\nithy\AppData\Local\Programs\Ollama;c:\Users\nithy\AppData\Local\Progra;C:\tools\php84;C:\php;C:\Program Files\Microsoft VS Code\bin;C:\Program Files\Docker\Docker\resources\bin;C:\Program Files\Git\cmd;C:\Users\nithy\AppData\Local\nvm;C:\nvm4w\nodejs;C:\Program Files (x86)\cloudflared\;C:\Program Files\GitHub CLI\;C:\Program Files\nodejs\;C:\Program Files\Go\bin;C:\Program Files\WezTerm;C:\Program Files\Tailscale\;C:\Program Files\Amazon\AWSCLIV2\;C:\Users\nithy\.kimi-code\bin;C:\Users\nithy\AppData\Local\Programs\Herdr\bin;C:\Users\nithy\.local\bin;C:\Users\nithy\AppData\Local\hermes\bin;C:\Users\nithy\.grok\bin;C:\Users\nithy\AppData\Local\hermes\hermes-agent\venv\Scripts;C:\Users\nithy\AppData\Local\agy\bin;C:\Users\nithy\.cargo\bin;C:\Users\nithy;C:\Users\nithy\AppData\Local\Programs\Antigravity IDE\bin;C:\Users\nithy\AppData\Local\Programs\Windsurf\bin;C:\Users\nithy\AppData\Local\Microsoft\WinGet\Links;C:\Users\nithy\go\bin;C:\Users\nithy\AppData\Local\Microsoft\WinGet\Packages\Google.PlatformTools_Microsoft.Winget.Source_8wekyb3d8bbwe\platform-tools;C:\Users\nithy\.fly\bin;C:\Users\nithy\AppData\Roaming\Python\Python313\Scripts;C:\Users\nithy\AppData\Local\Programs\obsidian;C:\Users\nithy\.bun\bin;C:\Users\nithy\AppData\Local\Programs\Zed\bin;C:\Users\nithy\AppData\Local\Programs\Devin\bin;C:\Users\nithy\.dotnet\tools;C:\Users\nithy\llama.cpp\build\bin\Release;C:\Users\nithy\AppData\Local\Programs\cursor\resources\app\bin;C:\Users\nithy\AppData\Local\Programs\V3Code\bin;C:\Users\nithy\.cache\codex-runtimes\codex-primary-runtime\dependencies\bin\fallback;C:\Users\nithy\.cache\codex-runtimes\codex-primary-runtime\dependencies\node\bin;C:\Users\nithy\.cache\codex-runtimes\codex-primary-runtime\dependencies\native\git\cmd;C:\Users\nithy\AppData\Local\OpenAI\Codex\bin\56d1c54034a4a372;C:\Users\nithy\AppData\Local\OpenAI\Codex\bin\c6fe824d725f02d7
USERNAME=nithy
SHELL=C:\WINDOWS\System32\WindowsPowerShell\v1.0\powershell.exe
LANG=C.UTF-8
LC_ALL=C.UTF-8
LC_CTYPE=C.UTF-8
TERM=dumb
TMP=C:\Users\nithy\AppData\Local\Temp
TEMP=C:\Users\nithy\AppData\Local\Temp




Periodic native trim disabled

---------------  S Y S T E M  ---------------

OS:
 Windows 11 , 64 bit Build 26100 (10.0.26100.9444)
OS uptime: 0 days 9:02 hours
Hyper-V role detected

CPU: total 22 (initial active 22) (11 cores per cpu, 2 threads per core) family 6 model 170 stepping 4 microcode 0x28, cx8, cmov, fxsr, ht, mmx, 3dnowpref, sse, sse2, sse3, ssse3, sse4.1, sse4.2, popcnt, lzcnt, tsc, tscinvbit, avx, avx2, aes, erms, clmul, bmi1, bmi2, adx, sha, fma, vzeroupper, clflush, clflushopt, clwb, hv, serialize, rdtscp, rdpid, fsrm, f16c, cet_ibt, cet_ss
Processor Information for processor 0
  Max Mhz: 2300, Current Mhz: 2300, Mhz Limit: 2300
Processor Information for processor 1
  Max Mhz: 2300, Current Mhz: 2300, Mhz Limit: 2300
Processor Information for processor 2
  Max Mhz: 1800, Current Mhz: 1800, Mhz Limit: 1800
Processor Information for processor 3
  Max Mhz: 1800, Current Mhz: 1800, Mhz Limit: 1800
Processor Information for processor 4
  Max Mhz: 1800, Current Mhz: 1800, Mhz Limit: 1800
Processor Information for processor 5
  Max Mhz: 1800, Current Mhz: 1800, Mhz Limit: 1800
Processor Information for processor 6
  Max Mhz: 1800, Current Mhz: 1500, Mhz Limit: 1800
Processor Information for processor 7
  Max Mhz: 1800, Current Mhz: 1800, Mhz Limit: 1800
Processor Information for processor 8
  Max Mhz: 1800, Current Mhz: 1800, Mhz Limit: 1800
Processor Information for processor 9
  Max Mhz: 1800, Current Mhz: 1800, Mhz Limit: 1800
Processor Information for processor 10
  Max Mhz: 2300, Current Mhz: 2300, Mhz Limit: 2300
Processor Information for processor 11
  Max Mhz: 2300, Current Mhz: 2300, Mhz Limit: 2300
Processor Information for processor 12
  Max Mhz: 2300, Current Mhz: 2300, Mhz Limit: 2300
Processor Information for processor 13
  Max Mhz: 2300, Current Mhz: 2300, Mhz Limit: 2300
Processor Information for processor 14
  Max Mhz: 2300, Current Mhz: 2300, Mhz Limit: 2300
Processor Information for processor 15
  Max Mhz: 2300, Current Mhz: 2300, Mhz Limit: 2300
Processor Information for processor 16
  Max Mhz: 2300, Current Mhz: 2300, Mhz Limit: 2300
Processor Information for processor 17
  Max Mhz: 2300, Current Mhz: 2300, Mhz Limit: 2300
Processor Information for processor 18
  Max Mhz: 2300, Current Mhz: 2300, Mhz Limit: 2300
Processor Information for processor 19
  Max Mhz: 2300, Current Mhz: 2300, Mhz Limit: 2300
Processor Information for processor 20
  Max Mhz: 1000, Current Mhz: 1000, Mhz Limit: 1000
Processor Information for processor 21
  Max Mhz: 1000, Current Mhz: 1000, Mhz Limit: 1000

Memory: 4k page, system-wide physical 32373M (1489M free)
TotalPageFile size 61045M (AvailPageFile size 12M)
current process WorkingSet (physical memory assigned to process): 1037M, peak: 1079M
current process commit charge ("private bytes"): 1112M, peak: 1157M

vm_info: OpenJDK 64-Bit Server VM (21.0.9+10-LTS) for windows-amd64 JRE (21.0.9+10-LTS), built on 2025-10-21T00:00:00Z by "admin" with unknown MS VC++:1942

END.
